OBJECTID,Id,StrNo,StrName,StrType,Unresolved,Address
1,0, ,HARRINGTON,STREET,CHURCH,
2,0, ,COMMERCIAL,STREET,PROGRESS HOUSE,
3,0, ,COMMERCIAL,STREET,POST OFFICE,
4,0, ,COMMERCIAL,STREET,NG KERK,
5,0,78,HARRINGTON,STREET,,
6,0,80,HARRINGTON,STREET,,
7,0,82,HARRINGTON,STREET,,
8,0,84,HARRINGTON,STREET,,
9,0,86,HARRINGTON,STREET,,
10,0,106,HARRINGTON,STREET,,
11,0,108,HARRINGTON,STREET,,
12,0, ,HARRINGTON,STREET,BUTLERS SQUARE,
13,0,103,HARRINGTON,STREET,,
14,0,105,HARRINGTON,STREET,,
15,0,107,HARRINGTON,STREET,,
16,0,109,HARRINGTON,STREET,,
17,0, ,COMMERCIAL,STREET,HOSTEL,
18,0, ,COMMERCIAL,STREET,HOSTEL,
19,0, ,COMMERCIAL,STREET,CAR PARK,
20,0,75,HARRINGTON,STREET,,
21,0,95,CANTERBURY,STREET,,
22,0,97,CANTERBURY,STREET,,
23,0,99,CANTERBURY,STREET,,
24,0,101,CANTERBURY,STREET,,
25,0,103,CANTERBURY,STREET,,
26,0,105,CANTERBURY,STREET,,
27,0, ,CANTERBURY,STREET,HOTEL,
28,0,114,CANTERBURY,STREET,,
29,0,68,CANTERBURY,STREET,,
30,0,150,BARRACK,STREET,,
31,0,152,BARRACK,STREET,,
32,0,154,BARRACK,STREET,,
33,0,156,BARRACK,STREET,,
34,0,98,CANTERBURY,STREET,,
35,0,320,BLOEMHOF,STREET,,
36,0, ,CANTERBURY,STREET,TAFELBERG HOTEL,
37,0, ,CANTERBURY,STREET,NUMBER NOT CLEAR,
38,0, ,CANTERBURY,STREET,NOT CLEAR,
39,0, ,CONSTITUTION,STREET,,
40,0,56,PRIMROSE,STREET,,
41,0,58,PRIMROSE,STREET,,
42,0,60,PRIMROSE,STREET,,
43,0,62,PRIMROSE,STREET,,
44,0,52,PRIMROSE,STREET,,
45,0, ,PRIMROSE,STREET,PENINSULA MATERNITY HOSPITAL,
46,0,17,VERNON,TERRACE,,
47,0,19,VERNON,TERRACE,,
48,0,21,VERNON,TERRACE,,
49,0,23,VERNON,TERRACE,,
50,0,25,VERNON,TERRACE,,
51,0,27,VERNON,TERRACE,,
52,0,29,VERNON,TERRACE,,
53,0,14,VERNON,TERRACE,,
54,0,16,VERNON,TERRACE,,
55,0,18,VERNON,TERRACE,,
56,0,20,VERNON,TERRACE,,
57,0,24,VERNON,TERRACE,,
58,0,26,VERNON,TERRACE,,
59,0,28,VERNON,TERRACE,,
60,0,39,MOUNT,STREET,,
61,0,41,MOUNT,STREET,,
62,0,43,MOUNT,STREET,,
63,0,45,MOUNT,STREET,,
64,0,47,MOUNT,STREET,,
65,0,51,MOUNT,STREET,,
66,0,53,MOUNT,STREET,,
67,0,55,MOUNT,STREET,,
68,0,57,MOUNT,STREET,,
69,0,59,MOUNT,STREET,,
70,0,61,MOUNT,STREET,,
71,0, ,MOUNT,STREET,PENINSULA MATERNITY HOSPITAL,
72,0,12,VERNON,TERRACE,,
73,0,38,CALEDON,STREET,,
74,0,40,CALEDON,STREET,,
75,0,48,CALEDON,STREET,,
76,0,50,CALEDON,STREET,,
77,0,52,CALEDON,STREET,,
78,0,54,CALEDON,STREET,,
79,0,56,CALEDON,STREET,,
80,0,58,CALEDON,STREET,,
81,0, ,CALEDON,STREET,AVRO HOUSE,
82,0, ,BUITENKANT,STREET,PUBLIC WORKS DEPARTMENT,
83,0,15,BUITENKANT,STREET,,
84,0,62,DARLING,STREET,,
85,0,58,DARLING,STREET,,
86,0,64,DARLING,STREET,,
87,0,56,DARLING,STREET,,
88,0, ,BUITENKANT,STREET,PLATE GLASS BEVELLING CO,
89,0,10,HARRINGTON,STREET,,
90,0,66,DARLING,STREET,,
91,0,68,DARLING,STREET,,
92,0,70,DARLING,STREET,,
93,0,72,DARLING,STREET,,
94,0,74,DARLING,STREET,,
95,0, ,DARLING,STREET,POSNTAKS SPARES,
96,0,76,DARLING,STREET,,
97,0,78,DARLING,STREET,,
98,0,80,DARLING,STREET,,
99,0,82,DARLING,STREET,,
100,0,68b,LONGMARKET,STREET,,
101,0,68a,LONGMARKET,STREET,,
102,0,68,LONGMARKET,STREET,,
103,0,7,CANTERBURY,STREET,,
104,0,77-81,LONGMARKET,STREET,PUBLIC WORKS DEPARTMENT,
105,0, ,LONGMARKET,STREET,P.W.D STORES,
106,0,23-27,HARRINGTON,STREET,BAR,
107,0,37,HARRINGTON,STREET,,
108,0, ,CALEDON,STREET,STANDARD BANK,
109,0,23,CALEDON,STREET,,
110,0,25,CALEDON,STREET,,
111,0,27,CALEDON,STREET,,
112,0,68,CALEDON,STREET,,
113,0,62,CALEDON,STREET,,
114,0,60,CALEDON,STREET,,
115,0,41,HARRINGTON,STREET,,
116,0,43,HARRINGTON,STREET,,
117,0,45,HARRINGTON,STREET,,
118,0,30,HARRINGTON,STREET,,
119,0,28,HARRINGTON,STREET,,
120,0,16,HARRINGTON,STREET,,
121,0, ,HARRINGTON,STREET,WHOLESALE MERCHANTS,
122,0, ,HARRINGTON,STREET,WORKSHOP,
123,0, ,HARRINGTON,STREET,WASH HOUSE,
124,0, ,LONGMARKET,STREET,"OFFICES, 1 WAREHOUSE",
125,0, ,LONGMARKET,STREET,"OFFICES, WAREHOUSE, FACTORY",
126,0, ,DARLING,STREET,"SHOWROOM, WAREHOUSE, OFFICES",
127,0,29,CALEDON,STREET,,
128,0, ,CALEDON,STREET,STORE,
129,0, ,HARRINGTON,STREET,WAREHOUSE,
130,0,13,BUITENKANT,STREET,,
131,0, ,HARRINGTON,STREET,PARKING AREA,
132,0,9,CANTERBURY,STREET,,
133,0,11,CANTERBURY,STREET,,
134,0,13,CANTERBURY,STREET,,
135,0,15,CANTERBURY,STREET,,
136,0,17,CANTERBURY,STREET,,
137,0,19,CANTERBURY,STREET,,
138,0,5,CANTERBURY,STREET,,
139,0,2,CANTERBURY,STREET,,
140,0,22,CANTERBURY,STREET,,
141,0,24,LONGMARKET,STREET,,
142,0,38,CALEDON,STREET,,
143,0,40,CALEDON,STREET,,
144,0,48,CALEDON,STREET,,
145,0,50,CALEDON,STREET,,
146,0,34,HARRINGTON,STREET,,
147,0,32,HARRINGTON,STREET,,
148,0,70,CALEDON,STREET,,
149,0,72,CALEDON,STREET,,
150,0,74,CALEDON,GLYNNDALE,,
151,0,78,CALEDON,STREET,,
152,0,80,CALEDON,STREET,,
153,0,82,CALEDON,STREET,,
154,0,53,HARRINGTON,STREET,,
155,0,54,HARRINGTON,STREET,,
156,0,38,GLYNNDALE,STREET,,
157,0,36,GLYNNDALE,STREET,,
158,0,40,CONSTITUTION,STREET,,
159,0,42,CONSTITUTION,STREET,,
160,0,6,GLYNNDALE,STREET,,
161,0,76,CALEDON,GLYNNDALE,,
162,0,9,GLYNNDALE,STREET,,
163,0,11,GLYNNDALE,STREET,,
164,0,13,GLYNNDALE,STREET,,
165,0,15,GLYNNDALE,STREET,,
166,0, ,GLYNNDALE,STREET,STORE,
167,0, ,GLYNNDALE,STREET,PRINTING WORKS,
168,0, ,CANTERBURY,STREET,OFFICE,
169,0, ,HARRINGTON,STREET,CHURCH,
170,0,49,HARRINGTON,STREET,,
171,0, ,GLYNNDALE,STREET,STORE,
172,0,29,CALEDON,STREET,,
173,0,31,CALEDON,STREET,,
174,0,33,CALEDON,STREET,,
175,0,35,CALEDON,STREET,,
176,0,37,CALEDON,STREET,,
177,0,39,CALEDON,STREET,,
178,0,41,CALEDON,CANTERBURY,,
179,0,53,CALEDON,PRIMROSE,,
180,0,43,CALEDON,CANTERBURY,,
181,0,45,CALEDON,STREET,,
182,0,49,CALEDON,STREET,,
183,0,51,CALEDON,STREET,,
184,0, ,CANTERBURY,STREET,WAREHOUSE,
185,0,47,CALEDON,STREET,,
186,0,84,CALEDON,STREET,,
187,0,86,CALEDON,STREET,,
188,0,88,CALEDON,STREET,,
189,0,8,CANTERBURY,STREET,,
190,0,10,CANTERBURY,STREET,,
191,0,12,CANTERBURY,STREET,,
192,0,14,CANTERBURY,STREET,,
193,0,16,CANTERBURY,STREET,,
194,0,23,CANTERBURY,STREET,,
195,0,25,CANTERBURY,STREET,,
196,0,27,CANTERBURY,STREET,,
197,0,29,CANTERBURY,STREET,,
198,0,31,CANTERBURY,STREET,,
199,0,33,CANTERBURY,STREET,,
200,0,18,PRIMROSE,STREET,,
201,0,20,PRIMROSE,STREET,,
202,0,22,PRIMROSE,STREET,,
203,0,26,PRIMROSE,STREET,,
204,0,24,PRIMROSE,STREET,,
205,0,28,PRIMROSE,STREET,,
206,0,30,PRIMROSE,STREET,,
207,0,32,PRIMROSE,STREET,,
208,0,34,PRIMROSE,STREET,,
209,0,36,PRIMROSE,STREET,,
210,0,16,PRIMROSE,LONGMARK,,
211,0,98,CALEDON,PRIMROSE,,
212,0,92,CALEDON,STREET,,
213,0,94,CALEDON,STREET,,
214,0,96,CALEDON,STREET,,
215,0,40,PRIMROSE,STREET,,
216,0,42,PRIMROSE,STREET,,
217,0,44,PRIMROSE,STREET,,
218,0,49,CANTERBURY,STREET,,
219,0,51,CANTERBURY,STREET,,
220,0,55,CANTERBURY,STREET,,
221,0, ,,,YARD,
222,0, ,,,DWELLING,
223,0, ,,,SCHOOL,
224,0, ,,,PENINSULA MATERNITY HOSPITAL,
225,0, ,,,CALEDON HOUSE,
226,0,81,CALEDON,STREET,,
227,0,73,CALEDON,STREET,,
228,0,75,CALEDON,STREET,,
229,0,77,CALEDON,STREET,,
230,0,71,CALEDON,STREET,,
231,0,20,REINBACH,STREET,,
232,0,18,REINBACH,STREET,,
233,0, ,BLOEMHOF,STREET,BLOEMHOF FLATS,
234,0,52,MOUNT,STREET,,
235,0,53,MOUNT,STREET,,
236,0, ,CONSTITUTION,STREET,CCC SUB STATION,
237,0,34,CONSTITUTION,STREET,,
238,0,35,CONSTITUTION,STREET,,
239,0,44,VAN DE LEUR,STREET,,
240,0,42,VAN DE LEUR,STREET,,
241,0,38,VAN DE LEUR,STREET,,
242,0,36,VAN DE LEUR,STREET,,
243,0,76,VAN DE LEUR,STREET,,
244,0,79,VAN DE LEUR,STREET,,
245,0,19,DE KORTE,STREET,,
246,0,39,VAN DE LEUR,STREET,,
247,0,41,VAN DE LEUR,STREET,,
248,0,43,VAN DE LEUR,STREET,,
249,0,45,CONSTITUTION,STREET,,
250,0,46,CONSTITUTION,STREET,,
251,0,47,CONSTITUTION,STREET,,
252,0,38,CONSTITUTION,STREET,,
253,0,24,CONSTITUTION,STREET,,
254,0,43,MCKENZIE,STREET,,
255,0,16,MCKENZIE,STREET,,
256,0,32,MCKENZIE,STREET,,
257,0, ,MCKENZIE,STREET,,
258,0,18,MCKENZIE,STREET,,
259,0, ,DE KORTE,STREET,UNCLEAR,
260,0,16,DE KORTE,STREET,,
261,0,14,DE KORTE,STREET,,
262,0,4,DE KORTE,STREET,,
263,0,44,DE KORTE,STREET,,
264,0,33,DE KORTE,STREET,,
265,0,2,MCKENZIE,STREET,,
266,0,4,MCKENZIE,STREET,,
267,0,15,DE KORTE,STREET,,
268,0,16,DE KORTE,STREET,,
269,0,17,DE KORTE,STREET,,
270,0,18,DE KORTE,STREET,,
271,0,19,DE KORTE,STREET,,
272,0,11,DE KORTE,STREET,,
273,0,2,DE KORTE,STREET,,
274,0,12,WILLIAM,STREET,,
275,0, ,WILLIAM,STREET,,
276,0,40,VAN DE LEUR,STREET,,
277,0,45,VAN DE LEUR,STREET,,
278,0,54,VAN DE LEUR,STREET,,
279,0,62,VAN DE LEUR,STREET,,
280,0,37,VAN DE LEUR,STREET,,
281,0,7,WILLIAM,STREET,,
282,0,24,DE KORTE,STREET,,
283,0,25,DE KORTE,STREET,,
284,0,27,DE KORTE,STREET,,
285,0,29,DE KORTE,STREET,,
286,0,144,MCKENZIE,STREET,,
287,0,34,MCKENZIE,STREET,,
288,0,11,WILLIAM,STREET,,
289,0,3,WILLIAM,STREET,,
290,0,4,WILLIAM,STREET,,
291,0,5,WILLIAM,STREET,,
292,0,8,WILLIAM,STREET,,
293,0,6,WILLIAM,STREET,,
294,0,9,WILLIAM,STREET,,
295,0,13,WILLIAM,STREET,,
296,0,15,WILLIAM,STREET,,
297,0,16,WILLIAM,STREET,,
298,0,17,WILLIAM,STREET,,
299,0,18,WILLIAM,STREET,,
300,0,19,WILLIAM,STREET,,
301,0,20,WILLIAM,STREET,,
302,0,21,WILLIAM,STREET,,
303,0,22,WILLIAM,STREET,,
304,0,23,WILLIAM,STREET,,
305,0,24,WILLIAM,STREET,,
306,0,25,WILLIAM,STREET,,
307,0,26,WILLIAM,STREET,,
308,0,27,WILLIAM,STREET,,
309,0,28,WILLIAM,STREET,,
310,0,29,WILLIAM,STREET,,
311,0,30,WILLIAM,STREET,,
312,0,31,WILLIAM,STREET,,
313,0,32,WILLIAM,STREET,,
314,0, ,WILLIAM,STREET,UNCLEAR TEXT,
315,0,34,WILLIAM,STREET,,
316,0,37,WILLIAM,STREET,,
317,0,30,CANNON,STREET,,
318,0,28,CANNON,STREET,,
319,0,26,CANNON,STREET,,
320,0,27,CANNON,STREET,,
321,0, ,CANNON,STREET,UNCLEAR TEXT,
322,0,146,CALEDON,STREET,,
323,0,148,CALEDON,STREET,,
324,0,150,CALEDON,STREET,,
325,0,152,CALEDON,STREET,,
326,0,154,CALEDON,STREET,,
327,0,156,CALEDON,STREET,,
328,0,158,CALEDON,STREET,,
329,0,160,CALEDON,STREET,,
330,0,162,CALEDON,STREET,,
331,0,164,CALEDON,STREET,,
332,0,166,CALEDON,STREET,,
333,0,168,CALEDON,STREET,,
334,0,174,CALEDON,STREET,,
335,0,176,CALEDON,STREET,,
336,0,178,CALEDON,STREET,,
337,0,180,CALEDON,STREET,,
338,0,182,CALEDON,STREET,,
339,0,184,CALEDON,STREET,,
340,0,186,CALEDON,STREET,,
341,0,188,CALEDON,STREET,,
342,0,181,CALEDON,STREET,,
343,0,144,CALEDON,STREET,,
344,0, ,CALEDON,STREET,,
345,0,141,CALEDON,STREET,,
346,0,161,CALEDON,STREET,,
347,0,163,CALEDON,STREET,,
348,0,165,CALEDON,STREET,,
349,0,167,CALEDON,STREET,,
350,0,169,CALEDON,STREET,,
351,0,173,CALEDON,STREET,,
352,0,175,CALEDON,STREET,,
353,0,177,CALEDON,STREET,,
354,0,179,CALEDON,STREET,,
355,0, ,CLYDE,STREET,,
356,0,13,WICHT,STREET,,
357,0,15,WICHT,STREET,,
358,0,17,WICHT,SREET,,
359,0, ,STONE,,,
360,0, ,WICHT,CHURCH,,
361,0, ,PARKIN,STREET,UNCLEAR,
362,0, ,PARKIN,STREET,UNCEAR,
363,0,24,PARKIN,STREET,,
364,0,21,PARKIN,STREET,,
365,0, ,THOMAS,STREET,,
366,0, ,THOMAS,STREET,UNCLEAR,
367,0,28,WICHT,STREET,,
368,0,29,WICHT,STREET,,
369,0,30,WICHT,STREET,,
370,0,31,WICHT,STREET,,
371,0,32,WICHT,STREET,,
372,0,33,WICHT,STREET,,
373,0,34,WICHT,STREET,,
374,0,35,WICHT,STREET,,
375,0,36,WICHT,STREET,,
376,0,37,WICHT,STREET,,
377,0,38,WICHT,STREET,,
378,0,39,WICHT,STREET,,
379,0,40,WICHT,STREET,,
380,0,41,WICHT,STREET,,
381,0,10,GORE,STREET,,
382,0,12,GORE,STREET,,
383,0,14,GORE,STREET,,
384,0,16,GORE,STREET,,
385,0,18,GORE,STREET,,
386,0,20,GORE,STREET,,
387,0,32,OAK,STREET,,
388,0,34,OAK,STREET,,
389,0,36,OAK,STREET,,
390,0, ,TENNANT,,UNCLEAR,
391,0, ,TENNANT,STREET,FACTORY,
392,0, ,SELKIRK,SCHOOL,,
393,0,4,SELKIRK,STREET,,
394,0,6,SELKIRK,STREET,,
395,0,8,SELKIRK,,,
396,0,10,SELKIRK,STREET,,
397,0,12,SELKIRK,STREET,,
398,0,16,MUIR,STREET,,
399,0,18,MUIR,STREET,,
400,0,20,MUIR,STREET,,
401,0,22,MUIR,STREET,,
402,0,24,MUIR,STREET,,
403,0,1,MUIR,STREET,,
404,0,3,MUIR,STREET,,
405,0,5,MUIR,STREET,,
406,0,7,MUIR,STREET,,
407,0,9,MUIR,STREET,,
408,0,11,MUIR,STREET,,
409,0,13,MUIR,STREET,,
410,0,15,MUIR,STREET,,
411,0, ,SIDNEY,SCHOOL,,
412,0,18,SIDNEY,STREET,,
413,0,20,SIDNEY,STREET,,
414,0,22,SIDNEY,STREET,,
415,0, ,SIDNEY,STREET,UNCLEAR,
416,0, ,SIDNEY,STREET,UNCLEAR,
417,0,17,CHAPEL,STREET,,
418,0,19,CHAPEL,STREET,,
419,0,21,CHAPEL,STREET,,
420,0,23,CHAPEL,STREET,,
421,0,25,CHAPEL,STREET,,
422,0,27,CHAPEL,STREET,,
423,0, ,SIDNEY,STREET,UNCLEAR,
424,0, ,SIDNEY,STREET,UNCLEAR,
425,0, ,SELKIRK,STREET,UNCLEAR,
426,0, ,SELKIRK,STREET,UNCLEAR,
427,0,67,ROGER,STREET,,
428,0,65,ROGER,STREET,,
429,0,0,ROGER,STREET,,
430,0,64,CHAPEL,STREET,,
431,0,66,CHAPEL,STREET,,
432,0,68,CHAPEL,STREET,,
433,0,70,CHAPEL,STREET,,
434,0,72,CHAPEL,STREET,,
435,0,74,CHAPEL,STREET,,
436,0,76,CHAPEL,STREET,,
437,0,78,CHAPEL,STREET,,
438,0,80,CHAPEL,STREET,,
439,0,82,CHAPEL,STREET,,
440,0,84,CHAPEL,STREET,,
441,0,0,CHAPEL,STREET,SCHOOL,
442,0,108,CHAPEL,STREET,,
443,0,110,CHAPEL,STREET,,
444,0,112,CHAPEL,STREET,,
445,0,114,CHAPEL,STREET,,
446,0,32,RUTGER,STREET,,
447,0,34,RUTGER,STREET,,
448,0,36,RUTGER,STREET,,
449,0,38,RUTGER,STREET,,
450,0,40,RUTGER,STREET,,
451,0,42,RUTGER,STREET,,
452,0,44,RUTGER,STREET,,
453,0,33,RUTGER,STREET,,
454,0,35,RUTGER,STREET,,
455,0,37,RUTGER,STREET,,
456,0,39,RUTGER,STREET,,
457,0,41,RUTGER,STREET,,
458,0,43,RUTGER,STREET,,
459,0,2,LEE,STREET,,
460,0,4,LEE,STREET,,
461,0,6,LEE,STREET,,
462,0,8,LEE,STREET,,
463,0,10,LEE,STREET,,
464,0,12,LEE,STREET,,
465,0,19,STUCKERIS,STREET,,
466,0,21,STUCKERIS,STREET,,
467,0,2,GRAY,STREET,,
468,0,6,GRAY,STREET,,
469,0,8,GRAY,STREET,,
470,0,10,GRAY,STREET,,
471,0,12,GRAY,STREET,,
472,0,14,GRAY,STREET,,
473,0,3,GRAY,STREET,,
474,0,5,GRAY,STREET,,
475,0,7,GRAY,STREET,,
476,0,9,GRAY,STREET,,
477,0,11,GRAY,STREET,,
478,0,93,ROGER,STREET,,
479,0,95,ROGER,STREET,,
480,0,97,ROGER,STREET,,
481,0,99,ROGER,STREET,,
482,0,6,QUEEN,STREET,,
483,0,8,QUEEN,STREET,,
484,0,118,CHAPEL,STREET,,
485,0,120,CHAPEL,STREET,,
486,0,122,CHAPEL,STREET,,
487,0,124,CHAPEL,STREET,,
488,0,89,ROGER,STREET,,
489,0,91,ROGER,STREET,,
490,0,1,ST PHILLIPS,STREET,,
491,0,3,ST PHILLIPS,STREET,,
492,0,0,ST PHILLIPS,STREET,,
493,0,0,STUCKERIS,STREET,,
494,0,0,STUCKERIS,STREET,,
495,0, ,ADAM,STREET,,
496,0, ,ADAM,STREET,,
497,0, ,ADAM,STREET,,
498,0, ,ADAM,STREET,,
499,0, ,ADAM,STREET,,
500,0, ,CLYDE,STREET,,
501,0,71,TENNANT,STREET,,
502,0,69,TENNANT,STREET,,
503,0, ,TENNANT,STREET,,
504,0, ,TENNANT,STREET,,
505,0, ,TENNANT,STREET,,
506,0, ,TENNANT,STREET,,
507,0, ,TENNANT,STREET,,
508,0, ,TENNANT,STREET,,
509,0,77,TENNANT,STREET,,
510,0,79,TENNANT,STREET,,
511,0, ,TENNANT,STREET,,
512,0, ,CALEDON,STREET,,
513,0, ,TENNANT,STREET,,
514,0, ,CALEDON,STREET,,
515,0, ,DE VILLIERS,STREET,,
516,0, ,DE VILLIERS,STREET,,
517,0, ,DE VILLIERS,STREET,,
518,0, ,DE VILLIERS,STREET,,
519,0, ,TENNANT,STREET,,
520,0,169,CALEDON,STREET,,
521,0,171,CALEDON,STREET,,
522,0,173,CALEDON,STREET,,
523,0,175,CALEDON,STREET,,
524,0,177,CALEDON,STREET,,
525,0,179,CALEDON,STREET,,
526,0,181,CALEDON,STREET,,
527,0,183,CALEDON,STREET,,
528,0,185,CALEDON,STREET,,
529,0,187,CALEDON,STREET,,
530,0,189,CALEDON,STREET,,
531,0,191,CALEDON,STREET,,
532,0,193,CALEDON,STREET,,
533,0,195,CALEDON,STREET,,
534,0,197,CALEDON,STREET,,
535,0,199,CALEDON,STREET,,
536,0,203,CALEDON,STREET,,
537,0,30,AYRE,STREET,,
538,0,26,AYRE,STREET,,
539,0,22,AYRE,STREET,,
540,0,20,AYRE,STREET,,
541,0,18,AYRE,STREET,,
542,0,16,AYRE,STREET,,
543,0,14,AYRE,STREET,,
544,0,12,AYRE,STREET,,
545,0,10,AYRE,STREET,,
546,0,8,AYRE,STREET,,
547,0,6,AYRE,STREET,,
548,0,4,AYRE,STREET,,
549,0, ,HANOVER,STREET,,
550,0, ,HANOVER,STREET,,
551,0,10,AYRE,STREET,,
552,0, ,AYRE,STREET,SWIMMING POOL,
553,0, ,AYRE,STREET,PUBLIC WASH ROOM,
554,0,7,AYRE,STREET,,
555,0,5,AYRE,STREET,,
556,0,3,AYRE,STREET,,
557,0,17,AYRE,STREET,,
558,0, ,AYRE,STREET,,
559,0,24,GODFREY,STREET,,
560,0,22,GODFREY,STREET,,
561,0,20,GODFREY,STREET,,
562,0,30,HANOVER,STREET,,
563,0,32,HANOVER,STREET,,
564,0,34,HANOVER,STREET,,
565,0,36,HANOVER,STREET,,
566,0,38,HANOVER,STREET,,
567,0, ,HANOVER,STREET,,
568,0,109,HANOVER,STREET,,
569,0,117,HANOVER,STREET,,
570,0,115,HANOVER,STREET,,
571,0,121,HANOVER,STREET,,
572,0,125,HANOVER,STREET,,
573,0,128,HANOVER,STREET,,
574,0,102,HANOVER,STREET,,
575,0,104,HANOVER,STREET,,
576,0,106,HANOVER,STREET,,
577,0,108,HANOVER,STREET,,
578,0,110,HANOVER,STREET,,
579,0,112,HANOVER,STREET,,
580,0,114,HANOVER,STREET,,
581,0,116,HANOVER,STREET,,
582,0,118,HANOVER,STREET,,
583,0,120,HANOVER,STREET,,
584,0, ,TYNE,STREET,,
585,0,167,TYNE,STREET,,
586,0,19,TYNE,STREET,,
587,0,127,HANOVER,STREET,,
588,0,129,HANOVER,STREET,,
589,0,133,HANOVER,STREET,,
590,0,131,HANOVER,STREET,,
591,0,135,HANOVER,STREET,,
592,0,139,HANOVER,STREET,,
593,0,149,HANOVER,STREET,,
594,0,147,HANOVER,STREET,,
595,0,145,HANOVER,STREET,,
596,0,143,HANOVER,STREET,,
597,0,151,HANOVER,STREET,,
598,0,153,HANOVER,STREET,,
599,0,155,HANOVER,STREET,,
600,0, ,HANOVER,STREET,POST OFFICE,
601,0,163,HANOVER,STREET,,
602,0,165,HANOVER,STREET,,
603,0,167,HANOVER,STREET,,
604,0,169,HANOVER,STREET,,
605,0,171,HANOVER,STREET,,
606,0,173,HANOVER,STREET,,
607,0,175,HANOVER,STREET,,
608,0,177,HANOVER,STREET,,
609,0,179,HANOVER,STREET,,
610,0,181,HANOVER,STREET,,
611,0,183,HANOVER,STREET,,
612,0,124,HANOVER,STREET,,
613,0,126,HANOVER,STREET,,
614,0,128,HANOVER,STREET,,
615,0,130,HANOVER,STREET,,
616,0,136,HANOVER,STREET,,
617,0,138,HANOVER,STREET,,
618,0,140,HANOVER,STREET,,
619,0,142,HANOVER,STREET,,
620,0,144,HANOVER,STREET,,
621,0, ,HANOVER,STREET,SHOP,
622,0,232,,LANE,,
623,0, ,,LANE,,
624,0,1,LITTLE LESAR,STREET,,
625,0,2,LITTLE LESAR,STREET,,
626,0,3,LITTLE LESAR,STREET,,
627,0,4,LITTLE LESAR,STREET,,
628,0,5,LITTLE LESAR,STREET,,
629,0,8,ASPELING,STREET,,
630,0,10,ASPELING,STREET,,
631,0,12,ASPELING,STREET,,
632,0,14,ASPELING,STREET,,
633,0,16,ASPELING,STREET,,
634,0,18,ASPELING,STREET,,
635,0,20,ASPELING,STREET,,
636,0,22,ASPELING,STREET,,
637,0,24,ASPELING,STREET,,
638,0,30,ASPELING,STREET,,
639,0,42,ASPELING,STREET,,
640,0,46,ASPELING,STREET,,
641,0,48,ASPELING,STREET,,
642,0,50,ASPELING,STREET,,
643,0,52,ASPELING,STREET,,
644,0,54,ASPELING,STREET,,
645,0,56,ASPELING,STREET,,
646,0, ,ASPELING,STREET,CHURCH,
647,0,32,ASPELING,STREET,,
648,0,21,ASPELING,STREET,,
649,0,19,ASPELING,STREET,,
650,0, ,ASPELING,STREET,PRINTER,
651,0, ,VOGELZANG,STREET,CCC WASH HOUSE,
652,0, ,PONTAC,STREET,,
653,0, ,MUIR,STREET,,
654,0,4,PONTAC,STREET,,
655,0,6,PONTAC,STREET,,
656,0,8,PONTAC,STREET,,
657,0,16,LESAR,STREET,,
658,0, ,PONTAC,STREET,,
659,0, ,PONTAC,STREET,,
660,0, ,PONTAC,STREET,,
661,0,1,PONTAC,STREET,,
662,0,3,PONTAC,STREET,,
663,0,5,PONTAC,STREET,,
664,0,7,PONTAC,STREET,,
665,0,19,PONTAC,STREET,,
666,0,17,PONTAC,STREET,,
667,0,29,PONTAC,STREET,,
668,0, ,PONTAC,STREET,,
669,0, ,PONTAC,STREET,,
670,0, ,PONTAC,STREET,,
671,0, ,PONTAC,STREET,,
672,0,34,PONTAC,STREET,,
673,0,32,PONTAC,STREET,,
674,0, ,PONTAC,STREET,BAR AND BOTTLE STOOR,
675,0, ,PONTAC,STREET,,
676,0,11,JOHNSON,STREET,,
677,0,12,JOHNSON,STREET,,
678,0,14,JOHNSON,STREET,,
679,0,16,JOHNSON,STREET,,
680,0, ,REFORM,STREET,,
681,0,35,REFORM,STREET,,
682,0,37,REFORM,STREET,,
683,0,42,REFORM,STREET,,
684,0,44,REFORM,STREET,,
685,0,46,REFORM,STREET,,
686,0,48,REFORM,STREET,,
687,0,50,REFORM,STREET,,
688,0,52,REFORM,STREET,,
689,0,30,REFORM,STREET,,
690,0,17,LEE,STREET,,
691,0,2,HAMILTON,STREET,,
692,0,6,DE VILLIERS,STREET,,
693,0, ,,,,
694,0, ,,,,
695,0, ,,,,
696,0,4,HAMILTON,STREET,,
697,0, ,,,,
698,0,3,HAMILTON,STREET,,
699,0,4,DE VILLIERS,STREET,,
700,0,2,DE VILLIERS,STREET,SWAMPS,
701,0,40,WILLIAM,STREET,,
702,0,38,WILLIAM,STREET,,
703,0,47,DE KORTE,STREET,,
704,0,39,DE KORTE,STREET,,
705,0,37,DE KORTE,STREET,,
706,0,44,DE KORTE,STREET,,
707,0,45,DE KORTE,STREET,,
708,0,14,DE VILLIERS,STREET,,
709,0,12,DE VILLIERS,STREET,,
710,0,38,DE KORTE,STREET,,
711,0,36,DE KORTE,STREET,,
712,0,34,DE KORTE,STRREET,,
713,0,22,DE VILLIERS,STREET,,
714,0,20A,DE VILLIERS,STREET,,
715,0,20,DE VILLIERS,STREET,,
716,0,17,DE VILLIERS,STREET,,
717,0,16,DE VILLIERS,STREET,,
718,0,7,DE VILLIERS,STREET,,
719,0,15,DE VILLIERS,STREET,,
720,0,8,DE VILLIERS,STREET,,
721,0,19,DE VILLIERS,STREET,,
722,0,18,DE VILLIERS,STREET,,
723,0,81,CONSTITUTION,STREET,,
724,0,85,CONSTITUTION,STREET,,
725,0,83,CONSTITUTION,STREET,,
726,0,88,CONSTITUTION,STREET,,
727,0,87,CONSTITUTION,STREET,,
728,0,89,CONSTITUTION,STREET,,
729,0,14,MCGREGOR,STREET,,
730,0,16,MCGREGOR,STREET,,
731,0,20,MCGREGOR,STREET,,
732,0,22,MCGREGOR,STREET,,
733,0,24,MCGREGOR,STREET,,
734,0,26,MCGREGOR,STREET,,
735,0,105,CONSTITUTION,STREET,,
736,0,101,CONSTITUTION,STREET,,
737,0,98,CONSTITUTION,STREET,,
738,0,97,CONSTITUTION,STREET,,
739,0,95,CONSTITUTION,STREET,,
740,0,91,CONSTITUTION,STREET,,
741,0,99,CONSTITUTION,STREET,,
742,0,93,CONSTITUTION,STREET,,
743,0,107,CONSTITUTION,STREET,,
744,0,109,CONSTITUTION,STREET,,
745,0,144,CONSTITUTION,STREET,,
746,0,146,CONSTITUTION,STREET,,
747,0,140,CONSTITUTION,STREET,,
748,0,142,CONSTITUTION,STREET,,
749,0,138,CONSTITUTION,STREET,,
750,0,136,CONSTITUTION,STREET,,
751,0,43,SACKSVILLE,STREET,,
752,0,17,VINCENT,STREET,,
753,0,15,VINCENT,STREET,,
754,0,13,VINCENT,STREET,,
755,0,11,VINCENT,STREET,,
756,0,9,VINCENT,STREET,,
757,0,7,VINCENT,STREET,,
758,0,19,VINCENT,STREET,,
759,0,21,VINCENT,STREET,,
760,0,23,VINCENT,STREET,,
761,0, ,STIRLING,STREET,SCHOOL,
762,0, ,STIRLING,STREET,SCHOOL,
763,0, ,DE VILLIERS,STREET,FLATS,
764,0, ,CONSTITUTION,STREET,FLATS,
765,0, ,VINCENT,STREET,FLATS,
766,0,52,DE VILLIERS,STREET,,
767,0,50,DE VILLIERS,STREET,,
768,0,48,DE VILLIERS,STREET,,
769,0,28,SACKSVILLE,STREET,,
770,0,26,SACKSVILLE,STREET,,
771,0,77,CONSTITUTION,STREET,,
772,0,22A,DE VILLIERS,STREET,,
773,0,75,CONSTITUTION,STREET,,
774,0,75,CONSTITUTION,STREET,,
775,0,32,DE KORTE,STREET,,
776,0,30,DE KORTE,STREET,,
777,0,28,DE KORTE,STREET,,
778,0,26,DE KORTE,STREET,,
779,0,24,DE KORTE,STREET,,
780,0,22,DE KORTE,STREET,,
781,0,20,DE KORTE,STREET,,
782,0,54,DE VILLIERS,STREET,,
783,0,56,DE VILLIERS,STREET,,
784,0,58,DE VILLIERS,STREET,,
785,0,17,STIRLING,STREET,,
786,0,15,STIRLING,STREET,,
787,0,11,STIRLING,STREET,,
788,0,24,STIRLING,STREET,,
789,0,22,STIRLING,STREET,,
790,0,20,STIRLING,STREET,,
791,0,16,STIRLING,STREET,,
792,0,14,STIRLING,STREET,,
793,0,12,STIRLING,STREET,,
794,0,10,STIRLING,STREET,,
795,0,64,DE VILLIERS,STREET,,
796,0,66,DE VILLIERS,STREET,,
797,0,68,DE VILLIERS,STREET,,
798,0,70,DE VILLIERS,STREET,,
799,0,72,DE VILLIERS,STREET,,
800,0,74,DE VILLIERS,STREET,,
801,0,5,ROBINSON,STREET,,
802,0,3,ROBINSON,STREET,,
803,0,1,ROBINSON,STREET,,
804,0,51,MCKENZIE,STREET,,
805,0,49,MCKENZIE,STREET,,
806,0,47,MCKENZIE,STREET,,
807,0, ,ROELAND,STREET,TENNIS COURT,
808,0,84,DE VILLIERS,STREET,,
809,0,82,DE VILLIERS,STREET,,
810,0,80,DE VILLIERS,STREET,,
811,0,59,MCKENZIE,STREET,,
812,0, ,ROELAND,STREET,SERVICE STATION,
813,0,63,MCKENZIE,STREET,,
814,0,61,MCKENZIE,STREET,,
815,0,57,MCKENZIE,STREET,,
816,0,55,MCKENZIE,STREET,,
817,0, ,STIRLING,STREET,FACTORY,
818,0, ,ROELAND,STREET,FACTORY,
819,0, ,ROELAND,STREET,SERVICE STATION,
820,0,33,STIRLING,STREET,,
821,0,31,STIRLING,STREET,,
822,0,29,STIRLING,STREET,,
823,0,21,STIRLING,STREET,,
824,0,19,STIRLING,STREET,,
825,0,64,SACKSVILLE,STREET,,
826,0,62,SACKSVILLE,STREET,,
827,0,60,SACKSVILLE,STREET,,
828,0,58,SACKSVILLE,STREET,,
829,0,56,SACKSVILLE,STREET,,
830,0,54,SACKSVILLE,STREET,,
831,0,52,SACKSVILLE,STREET,,
832,0,50,SACKSVILLE,STREET,,
833,0, ,STIRLING,STREET,FLATS,
834,0,20,BIRCHINGTON,ROAD,,
835,0,18,BIRCHINGTON,ROAD,,
836,0, ,BIRCHINGTON,ROAD,PLAYGROUND,
837,0, ,STIRLING,STREET,FLATS,
838,0,14,BIRCHINGTON,ROAD,,
839,0,12,BIRCHINGTON,ROAD,,
840,0,10,BIRCHINGTON,ROAD,,
841,0,8,BIRCHINGTON,ROAD,,
842,0,6,BIRCHINGTON,ROAD,,
843,0,125,CONSTITUTION,STREET,,
844,0, ,BIRCHINGTON,ROAD,SCHOOL,
845,0,23,PROSPECT,AVENUE,,
846,0,21,PROSPECT,AVENUE,,
847,0,19,PROSPECT,AVENUE,,
848,0,17,PROSPECT,AVENUE,,
849,0,15,PROSPECT,AVENUE,,
850,0,13,PROSPECT,AVENUE,,
851,0,13,SMART,STREET,,
852,0,11,SMART,STREET,,
853,0,18,SMART,STREET,,
854,0,16,SMART,STREET,,
855,0,14,SMART,STREET,,
856,0,15,SMART,STREET,,
857,0,17,SMART,STREET,,
858,0,121,SMART,STREET,,
859,0,123,ALBERT,STREET,,
860,0,30,ALBERT,STREET,,
861,0,28,ALBERT,STREET,,
862,0,26,ALBERT,STREET,,
863,0,24,ALBERT,STREET,,
864,0,22,ALBERT,STREET,,
865,0,20,ALBERT,STREET,,
866,0,166,UPPER CONSTITUTION,STREET,,
867,0,164,UPPER CONSTITUTION,STREET,,
868,0,162,UPPER CONSTITUTION,STREET,,
869,0,160,UPPER CONSTITUTION,STREET,,
870,0,158,UPPER CONSTITUTION,STREET,,
871,0,156,UPPER CONSTITUTION,STREET,,
872,0,17,FAWLEY,TERRACE,,
873,0,16,FAWLEY,TERRACE,,
874,0,15,FAWLEY,TERRACE,,
875,0,14,FAWLEY,TERRACE,,
876,0,13,FAWLEY,TERRACE,,
877,0,12,FAWLEY,TERRACE,,
878,0,11,FAWLEY,TERRACE,,
879,0,10,FAWLEY,TERRACE,,
880,0,9,FAWLEY,TERRACE,,
881,0,8,FAWLEY,TERRACE,,
882,0,7,FAWLEY,TERRACE,,
883,0,6,FAWLEY,TERRACE,,
884,0,5,FAWLEY,TERRACE,,
885,0,4,FAWLEY,TERRACE,,
886,0,3,FAWLEY,TERRACE,,
887,0,2,FAWLEY,TERRACE,,
888,0,1,FAWLEY,TERRACE,,
889,0,125,UPPER CONSTITUTION,STREET,,
890,0,27,ALBERT,STREET,,
891,0,25,ALBERT,STREET,,
892,0,23,ALBERT,STREET,,
893,0,17,ALBERT,STREET,,
894,0,15,ALBERT,STREET,,
895,0,13,ALBERT,STREET,,
896,0,11,ALBERT,STREET,,
897,0,10,ELLESMERE,STREET,,
898,0,12,ELLESMERE,STREET,,
899,0,14,ELLESMERE,STREET,,
900,0,11,ELLESMERE,STREET,,
901,0,9,ELLESMERE,STREET,,
902,0,7,ELLESMERE,STREET,,
903,0,5,ELLESMERE,STREET,,
904,0,3,ELLESMERE,STREET,,
905,0,9,ALBERT,STREET,,
906,0,129,UPPER CONSTITUTION,STREET,,
907,0,133,UPPER CONSTITUTION,STREET,,
908,0,135,UPPER CONSTITUTION,STREET,,
909,0,40,CLIFTON,STREET,,
910,0,38,CLIFTON,STREET,,
911,0,36,CLIFTON,STREET,,
912,0,34,CLIFTON,STREET,,
913,0,32,CLIFTON,STREET,,
914,0,30,CLIFTON,STREET,,
915,0,28,CLIFTON,STREET,,
916,0,26,CLIFTON,STREET,,
917,0,24,CLIFTON,STREET,,
918,0,22,CLIFTON,STREET,,
919,0,20,CLIFTON,STREET,,
920,0,67,CLIFTON,STREET,,
921,0,66,CLIFTON,STREET,,
922,0,63,CLIFTON,STREET,,
923,0,61,CLIFTON,STREET,,
924,0,59,CLIFTON,STREET,,
925,0,57,CLIFTON,STREET,,
926,0,55,CLIFTON,STREET,,
927,0,53,CLIFTON,STREET,,
928,0,51,CLIFTON,STREET,,
929,0,21,LEWIS,STREET,,
930,0,19,LEWIS,STREET,,
931,0,17,LEWIS,STREET,,
932,0,2,ROOS,STREET,,
933,0,4,ROOS,STREET,,
934,0,6,ROOS,STREET,,
935,0,8,ROOS,STREET,,
936,0,10,ROOS,STREET,,
937,0,1,ROOS,STREET,,
938,0,3,ROOS,STREET,,
939,0,5,ROOS,STREET,,
940,0,7,ROOS,STREET,,
941,0,46,ARUNDEL,STREET,,
942,0,44,ARUNDEL,STREET,,
943,0,42,ARUNDEL,STREET,,
944,0,13,LEWIS,STREET,,
945,0,11,LEWIS,STREET,,
946,0,9,LEWIS,STREET,,
947,0,7,LEWIS,STREET,,
948,0,5,LEWIS,STREET,,
949,0,3,LEWIS,STREET,,
950,0,52,STONE,STREET,,
951,0,54,STONE,STREET,,
952,0,56,STONE,STREET,,
953,0,58,STONE,STREET,,
954,0,60,STONE,STREET,,
955,0,62,STONE,STREET,,
956,0,64,STONE,STREET,,
957,0,66,STONE,STREET,,
958,0,68,STONE,STREET,,
959,0,67,STONE,STREET,,
960,0,69,STONE,STREET,,
961,0,71,STONE,STREET,,
962,0,73,STONE,STREET,,
963,0,25,ARUNDEL,STREET,,
964,0,23,ARUNDEL,STREET,,
965,0,36,ARUNDEL,STREET,,
966,0,34,ARUNDEL,STREET,,
967,0,47,CLIFTON,STREET,,
968,0,45,CLIFTON,STREET,,
969,0,43,CLIFTON,STREET,,
970,0,44,CLIFTON,STREET,,
971,0,39,CLIFTON,STREET,,
972,0,57,STONE,STREET,,
973,0,32,ARUNDEL,STREET,,
974,0,30,ARUNDEL,STREET,,
975,0,28,ARUNDEL,STREET,,
976,0,8,FRERE,STREET,,
977,0,10,FRERE,STREET,,
978,0,12,FRERE,STREET,,
979,0,14,FRERE,STREET,,
980,0,11,FRERE,STREET,,
981,0,13,FRERE,STREET,,
982,0,6,ASHLEY,STREET,,
983,0,8,ASHLEY,STREET,,
984,0,12,ASHLEY,STREET,,
985,0,14,ASHLEY,STREET,,
986,0, ,ARUNDEL,STREET,SCHOOL,
987,0,25,CLIFTON,STREET,,
988,0,23,CLIFTON,STREET,,
989,0,21,CLIFTON,STREET,,
990,0,17,CLIFTON,STREET,,
991,0,15,CLIFTON,STREET,,
992,0,27,CLIFTON,STREET,,
993,0,29,CLIFTON,STREET,,
994,0,33,CLIFTON,STREET,,
995,0,31,CLIFTON,STREET,,
996,0,32,STONE,STREET,,
997,0,34,STONE,STREET,,
998,0,36,STONE,STREET,,
999,0,38,STONE,STREET,,
1000,0,40,STONE,STREET,,
1001,0,42,STONE,STREET,,
1002,0,44,STONE,STREET,,
1003,0,46,STONE,STREET,,
1004,0,48,STONE,STREET,,
1005,0,50,STONE,STREET,,
1006,0,14,ALBERT,STREET,,
1007,0,12,ALBERT,STREET,,
1008,0,10,ALBERT,STREET,,
1009,0,3,ALBERT,STREET,,
1010,0, ,SMART,STREET,MISSION,
1011,0,1,SMART,STREET,,
1012,0,4,PROSPECT,AVENUE,,
1013,0,2,PROSPECT,AVENUE,,
1014,0,5,PROSPECT,AVENUE,,
1015,0,9,PROSPECT,AVENUE,,
1016,0,7,PROSPECT,AVENUE,,
1017,0,5,PROSPECT,AVENUE,,
1018,0,31,PROSPECT,AVENUE,,
1019,0,27,MCGREGOR,STREET,,
1020,0,25,MCGREGOR,STREET,,
1021,0,23,MCGREGOR,STREET,,
1022,0,21,MCGREGOR,STREET,,
1023,0,19,MCGREGOR,STREET,,
1024,0,17,MCGREGOR,STREET,,
1025,0,15,MCGREGOR,STREET,,
1026,0,12,STONE,STREET,,
1027,0,14,STONE,STREET,,
1028,0,16,STONE,STREET,,
1029,0,18,STONE,STREET,,
1030,0,20,STONE,STREET,,
1031,0,10,STONE,STREET,,
1032,0,8,STONE,STREET,,
1033,0,6,STONE,STREET,,
1034,0,22,STONE,STREET,,
1035,0,24,STONE,STREET,,
1036,0,26,STONE,STREET,,
1037,0, ,CLIFTON,STREET,STAR CINEMA,
1038,0, ,CLIFTON,STREET,FLATS,
1039,0, ,CLIFTON,STREET,ST MARKS CHURCH,
1040,0,280,CALEDON,STREET,,
1041,0,282,CALEDON,STREET,,
1042,0,253,CALEDON,STREET,,
1043,0,251,CALEDON,STREET,,
1044,0,249,CALEDON,STREET,,
1045,0,247,CALEDON,STREET,,
1046,0,243,CALEDON,STREET,,
1047,0,7,HORSBURG,LANE,,
1048,0,1,HORSBURG,LANE,,
1049,0,3,HORSBURG,LANE,,
1050,0,5,HORSBURG,LANE,,
1051,0,3,HORSBURG,LANE,,
1052,0,1,HORSBURG,LANE,,
1053,0,4,HORSBURG,LANE,,
1054,0,2,HORSBURG,LANE,,
1055,0,130,HANOVER,STREET,,
1056,0,132,HANOVER,STREET,,
1057,0,132,HANOVER,STREET,,
1058,0,134,HANOVER,STREET,,
1059,0,164,HANOVER,STREET,,
1060,0,162,HANOVER,STREET,,
1061,0,160,HANOVER,STREET,,
1062,0,158,HANOVER,STREET,,
1063,0,170,HANOVER,STREET,,
1064,0,172,HANOVER,STREET,,
1065,0,174,HANOVER,STREET,,
1066,0,176,HANOVER,STREET,,
1067,0,178,HANOVER,STREET,,
1068,0,10,ARUNDEL,STREET,,
1069,0,8,ARUNDEL,STREET,,
1070,0,6,ARUNDEL,STREET,,
1071,0,4,ARUNDEL,STREET,,
1072,0, ,HANOVER,STREET,SHOP,
1073,0,221,HANOVER,STREET,,
1074,0,223,HANOVER,STREET,,
1075,0,227,HANOVER,STREET,,
1076,0,229,HANOVER,STREET,,
1077,0,225,HANOVER,STREET,,
1078,0,150,HANOVER,STREET,,
1079,0,152,HANOVER,STREET,,
1080,0,156,HANOVER,STREET,,
1081,0,158,HANOVER,STREET,,
1082,0,239,HANOVER,STREET,,
1083,0,241,HANOVER,STREET,,
1084,0,245,HANOVER,STREET,,
1085,0,247,HANOVER,STREET,,
1086,0,249,HANOVER,STREET,,
1087,0,251,HANOVER,STREET,,
1088,0,253,HANOVER,STREET,,
1089,0,255,HANOVER,STREET,,
1090,0,257,HANOVER,STREET,,
1091,0,263,HANOVER,STREET,,
1092,0,2,REINBACH,STREET,,
1093,0,4,REINBACH,STREET,,
1094,0,6,REINBACH,STREET,,
1095,0,8,REINBACH,STREET,,
1096,0,10,REINBACH,STREET,,
1097,0,12,REINBACH,STREET,,
1098,0,14,REINBACH,STREET,,
1099,0,16,REINBACH,STREET,,
1100,0,57,CHATHAM,ROAD,,
1101,0,55,CHATHAM,ROAD,,
1102,0,53,CHATHAM,ROAD,,
1103,0,51,CHATHAM,ROAD,,
1104,0,48,CHATHAM,ROAD,,
1105,0,47,CHATHAM,ROAD,,
1106,0,45,CHATHAM,ROAD,,
1107,0,43,CHATHAM,ROAD,,
1108,0,22,CHATHAM,ROAD,,
1109,0,127,ROCHESTER,ROAD,,
1110,0,125,ROCHESTER,ROAD,,
1111,0,120,ROCHESTER,ROAD,,
1112,0,20,CHATHAM,ROAD,,
1113,0,18,CHATHAM,ROAD,,
1114,0,16,CHATHAM,ROAD,,
1115,0,14,CHATHAM,ROAD,,
1116,0,25,CHATHAM,ROAD,,
1117,0,27,CHATHAM,ROAD,,
1118,0,29,CHATHAM,ROAD,,
1119,0,31,CHATHAM,ROAD,,
1120,0, ,,,,
1121,0,11,CHATHAM,ROAD,,
1122,0,9,CHATHAM,ROAD,,
1123,0,151,UPPER CONSTITUTION,STTREET,,
1124,0,153,UPPER CONSTITUTION,STREET,,
1125,0,157,UPPER CONSTITUTION,STREET,,
1126,0,159,UPPER CONSTITUTION,STREET,,
1127,0,192,UPPER CONSTITUTION,STREET,,
1128,0,194,UPPER CONSTITUTION,STREET,,
1129,0,196,UPPER CONSTITUTION,STREET,,
1130,0,198,UPPER CONSTITUTION,STREET,,
1131,0,200,UPPER CONSTITUTION,STREET,,
1132,0,202,UPPER CONSTITUTION,STREET,,
1133,0,204,UPPER CONSTITUTION,STREET,,
1134,0,206,UPPER CONSTITUTION,STREET,,
1135,0,208,UPPER CONSTITUTION,STREET,,
1136,0,210,UPPER CONSTITUTION,STREET,,
1137,0,212,UPPER CONSTITUTION,STREET,,
1138,0,214,UPPER CONSTITUTION,STREET,,
1139,0,216,UPPER CONSTITUTION,STREET,,
1140,0,218,UPPER CONSTITUTION,STREET,,
1141,0,220,UPPER CONSTITUTION,STREET,,
1142,0,222,UPPER CONSTITUTION,STREET,,
1143,0,224,UPPER CONSTITUTION,STREET,,
1144,0,226,UPPER CONSTITUTION,STREET,,
1145,0,228,UPPER CONSTITUTION,STREET,,
1146,0,230,UPPER CONSTITUTION,STREET,,
1147,0,232,UPPER CONSTITUTION,STREET,,
1148,0,234,UPPER CONSTITUTION,STREET,,
1149,0,236,UPPER CONSTITUTION,STREET,,
1150,0,238,UPPER CONSTITUTION,STREET,,
1151,0,242,UPPER CONSTITUTION,STREET,,
1152,0,250,UPPER CONSTITUTION,STREET,,
1153,0,252,UPPER CONSTITUTION,STREET,,
1154,0,254,UPPER CONSTITUTION,STREET,,
1155,0,51,UPPER CONSTITUTION,STREET,,
1156,0,52,UPPER CONSTITUTION,STREET,,
1157,0,53,UPPER CONSTITUTION,STREET,,
1158,0,54,UPPER CONSTITUTION,STREET,,
1159,0,55,UPPER CONSTITUTION,STREET,,
1160,0,60,UPPER CONSTITUTION,STREET,,
1161,0,278,UPPER CONSTITUTION,STREET,,
1162,0,280,UPPER CONSTITUTION,STREET,,
1163,0,282,UPPER CONSTITUTION,STREET,,
1164,0,284,UPPER CONSTITUTION,STREET,,
1165,0,286,UPPER CONSTITUTION,STREET,,
1166,0,165,UPPER CONSTITUTION,STREET,,
1167,0,167,UPPER CONSTITUTION,STREET,,
1168,0,2,MILTON,STREET,,
1169,0,4,MILTON,STREET,,
1170,0,6,MILTON,STREET,,
1171,0,8,MILTON,STREET,,
1172,0,37,ARUNDEL,STREET,,
1173,0,3,MILTON,STREET,,
1174,0,5,MILTON,STREET,,
1175,0,7,MILTON,STREET,,
1176,0,9,MILTON,STREET,,
1177,0,168,UPPER CONSTITUTION,STREET,,
1178,0,170,UPPER CONSTITUTION,STREET,,
1179,0,172,UPPER CONSTITUTION,STREET,,
1180,0,174,UPPER CONSTITUTION,STREET,,
1181,0,176,UPPER CONSTITUTION,STREET,,
1182,0,178,UPPER CONSTITUTION,STREET,,
1183,0,180,UPPER CONSTITUTION,STREET,,
1184,0,182,UPPER CONSTITUTION,STREET,,
1185,0,184,UPPER CONSTITUTION,STREET,,
1186,0,186,UPPER CONSTITUTION,STREET,,
1187,0,188,UPPER CONSTITUTION,STREET,,
1188,0,190,UPPER CONSTITUTION,STREET,,
1189,0,68,CLIFTON,STREET,,
1190,0,23,LEWIS,STREET,,
1191,0,25,LEWIS,STREET,,
1192,0,27,LEWIS,STREET,,
1193,0,29,LEWIS,STREET,,
1194,0,143,UPPER CONSTITUTION,STREET,,
1195,0,145,UPPER CONSTITUTION,STREET,,
1196,0,147,UPPER CONSTITUTION,STREET,,
1197,0,149,UPPER CONSTITUTION,STREET,,
1198,0,19,MILTON,STREET,,
1199,0,17,MILTON,STREET,,
1200,0,15,MILTON,STREET,,
1201,0,13,MILTON,STREET,,
1202,0,12,MILTON,STREET,,
1203,0,10,MILTON,STREET,,
1204,0,12,MILTON,STREET,,
1205,0,30,RICHMOND,STREET,,
1206,0,12,ROOS,STREET,,
1207,0,16,ROOS,STREET,,
1208,0,18,ROOS,STREET,,
1209,0,20,ROOS,STREET,,
1210,0,22,ROOS,STREET,,
1211,0,24,ROOS,STREET,,
1212,0,13,ROOS,STREET,,
1213,0,15,ROOS,STREET,,
1214,0,17,ROOS,STREET,,
1215,0,19,ROOS,STREET,,
1216,0,21,ROOS,STREET,,
1217,0,23,ROOS,STREET,,
1218,0,25,ROOS,STREET,,
1219,0,28,RICHMOND,STREET,,
1220,0,26,RICHMOND,STREET,,
1221,0,24,RICHMOND,STREET,,
1222,0,22,RICHMOND,STREET,,
1223,0,12,RICHMOND,STREET,,
1224,0,14,RICHMOND,STREET,,
1225,0,16,RICHMOND,STREET,,
1226,0,18,RICHMOND,STREET,,
1227,0,20,RICHMOND,STREET,,
1228,0,21,ARUNDEL,STREET,,
1229,0,16,FRERE,STREET,,
1230,0,18,FRERE,STREET,,
1231,0,20,FRERE,STREET,,
1232,0,22,FRERE,STREET,,
1233,0,26,FRERE,STREET,,
1234,0,70,STONE,STREET,,
1235,0,72,STONE,STREET,,
1236,0,76,STONE,STREET,,
1237,0,78,STONE,STREET,,
1238,0,80,STONE,STREET,,
1239,0,82,STONE,STREET,,
1240,0,39,RICHMOND,STREET,,
1241,0,37,RICHMOND,STREET,,
1242,0,36,RICHMOND,STREET,,
1243,0,30,FRERE,STREET,,
1244,0,32,FRERE,STREET,,
1245,0,34,FRERE,STREET,,
1246,0,36,FRERE,STREET,,
1247,0,38,FRERE,STREET,,
1248,0, ,FRERE,STREET,SCHOOL,
1249,0, ,FRERE,STREET,SCHOOL,
1250,0,17,FRERE,STREET,,
1251,0,42,FRERE,STREET,,
1252,0,44,FRERE,STREET,,
1253,0,46,FRERE,STREET,,
1254,0,48,FRERE,STREET,,
1255,0,50,FRERE,STREET,,
1256,0,52,FRERE,STREET,,
1257,0,40,ROOS,STREET,,
1258,0,42,ROOS,STREET,,
1259,0,44,ROOS,STREET,,
1260,0,46,ROOS,STREET,,
1261,0,48,ROOS,STREET,,
1262,0,50,ROOS,STREET,,
1263,0,52,ROOS,STREET,,
1264,0,54,ROOS,STREET,,
1265,0,56,ROOS,STREET,,
1266,0,58,ROOS,STREET,,
1267,0,30,ROOS,STREET,,
1268,0,19A,ROOS,STREET,,
1269,0,21A,ROOS,STREET,,
1270,0,23A,ROOS,STREET,,
1271,0,25,ROOS,STREET,,
1272,0, ,MILTON,STREET,HOTEL TAFELBURG,
1273,0,79,HORSTLEY,STREET,,
1274,0,81,HORSTLEY,STREET,,
1275,0,83,HORSTLEY,STREET,,
1276,0,85,HORSTLEY,STREET,,
1277,0,87,HORSTLEY,STREET,,
1278,0,77,HORSTLEY,STREET,,
1279,0,75,HORSTLEY,STREET,,
1280,0,73,HORSTLEY,STREET,,
1281,0,71,HORSTLEY,STREET,,
1282,0,69,HORSTLEY,STREET,,
1283,0,67,HORSTLEY,STREET,,
1284,0,65,HORSTLEY,STREET,,
1285,0,63,HORSTLEY,STREET,,
1286,0,61,HORSTLEY,STREET,,
1287,0,59,HORSTLEY,STREET,,
1288,0,57,HORSTLEY,STREET,,
1289,0,55,HORSTLEY,STREET,,
1290,0,53,HORSTLEY,STREET,,
1291,0,51,HORSTLEY,STREET,,
1292,0,49,HORSTLEY,STREET,,
1293,0,47,HORSTLEY,STREET,,
1294,0,45,HORSTLEY,STREET,,
1295,0,43,HORSTLEY,STREET,,
1296,0,41,HORSTLEY,STREET,,
1297,0,39,HORSTLEY,STREET,,
1298,0,37,HORSTLEY,STREET,,
1299,0,35,HORSTLEY,STREET,,
1300,0,33,HORSTLEY,STREET,,
1301,0,31,HORSTLEY,STREET,,
1302,0,29,HORSTLEY,STREET,,
1303,0,27,HORSTLEY,STREET,,
1304,0,25,HORSTLEY,STREET,,
1305,0,23,HORSTLEY,STREET,,
1306,0,21,HORSTLEY,STREET,,
1307,0,23,ASHLEY,STREET,,
1308,0,25,ASHLEY,STREET,,
1309,0,27,ASHLEY,STREET,,
1310,0,29,ASHLEY,STREET,,
1311,0,31,ASHLEY,STREET,,
1312,0,21,RICHMOND,STREET,,
1313,0,19,RICHMOND,STREET,,
1314,0,15,RICHMOND,STREET,,
1315,0,15,RICHMOND,STREET,,
1316,0,13,RICHMOND,STREET,,
1317,0,11,RICHMOND,STREET,,
1318,0,9,RICHMOND,STREET,,
1319,0,7,RICHMOND,STREET,,
1320,0,10,CROSS,STREET,,
1321,0,12,CROSS,STREET,,
1322,0,14,CROSS,STREET,,
1323,0,15,CROSS,STREET,,
1324,0,18,CROSS,STREET,,
1325,0,20,CROSS,STREET,,
1326,0,1,ASHLEY,STREET,,
1327,0,3,ASHLEY,STREET,,
1328,0,5,ASHLEY,STREET,,
1329,0,2,CROSS,STREET,,
1330,0,4,CROSS,STREET,,
1331,0,6,CROSS,STREET,,
1332,0,8,CROSS,STREET,,
1333,0,10,CROSS,STREET,,
1334,0,1,CROSS,STREET,,
1335,0,3,CROSS,STREET,,
1336,0,5,CROSS,STREET,,
1337,0,7,CROSS,STREET,,
1338,0,166,HANOVER,STREET,,
1339,0,168,HANOVER,STREET,,
1340,0,11,HORSTLEY,STREET,,
1341,0,13,HORSTLEY,STREET,,
1342,0,15,HORSTLEY,STREET,,
1343,0,17,HORSTLEY,STREET,,
1344,0,19,HORSTLEY,STREET,,
1345,0,20,HORSTLEY,STREET,,
1346,0,22,HORSTLEY,STREET,,
1347,0,24,HORSTLEY,STREET,,
1348,0,26,HORSTLEY,STREET,,
1349,0,28,HORSTLEY,STREET,,
1350,0,18,HORSTLEY,STREET,,
1351,0,16,HORSTLEY,STREET,,
1352,0,14,HORSTLEY,STREET,,
1353,0,12,HORSTLEY,STREET,,
1354,0,10,HORSTLEY,STREET,,
1355,0,8,HORSTLEY,STREET,,
1356,0,6,HORSTLEY,STREET,,
1357,0,231,HANOVER,STREET,,
1358,0,233,HANOVER,STREET,,
1359,0,235,HANOVER,STREET,,
1360,0,3,PEDERSEN,STREET,,
1361,0,5,PEDERSEN,STREET,,
1362,0,7,PEDERSEN,STREET,,
1363,0,9,PEDERSEN,STREET,,
1364,0,11,PEDERSEN,STREET,,
1365,0,13,PEDERSEN,STREET,,
1366,0,15,PEDERSEN,STREET,,
1367,0,17,PEDERSEN,STREET,,
1368,0,19,PEDERSEN,STREET,,
1369,0,6,PEDERSEN,STREET,,
1370,0,8,PEDERSEN,STREET,,
1371,0,10,PEDERSEN,STREET,,
1372,0,57,STUCKERIS,STREET,,
1373,0,58,STUCKERIS,STREET,,
1374,0,55,STUCKERIS,STREET,,
1375,0,53,STUCKERIS,STREET,,
1376,0,51,STUCKERIS,STREET,,
1377,0,49,STUCKERIS,STREET,,
1378,0,74,ASPELING,STREET,,
1379,0,76,ASPELING,STREET,,
1380,0,33,ASPELING,STREET,,
1381,0,36,PONTAC,STREET,,
1382,0,38,PONTAC,STREET,,
1383,0,40,PONTAC,STREET,,
1384,0,42,PONTAC,STREET,,
1385,0,46,STUCKERIS,STREET,,
1386,0,44,STUCKERIS,STREET,,
1387,0,42,STUCKERIS,STREET,,
1388,0,40,STUCKERIS,STREET,,
1389,0,44,PONTAC,STREET,,
1390,0,46,PONTAC,STREET,,
1391,0,48,PONTAC,STREET,,
1392,0,50,PONTAC,STREET,,
1393,0,35,STUCKERIS,STREET,,
1394,0,37,STUCKERIS,STREET,,
1395,0,39,STUCKERIS,STREET,,
1396,0,41,STUCKERIS,STREET,,
1397,0,43,STUCKERIS,STREET,,
1398,0,45,STUCKERIS,STREET,,
1399,0,47,STUCKERIS,STREET,,
1400,0,37,ASPELING,STREET,,
1401,0,39,ASPELING,STREET,,
1402,0,41,ASPELING,STREET,,
1403,0,71,RUTGER,STREET,,
1404,0,69,RUTGER,STREET,,
1405,0,67,RUTGER,STREET,,
1406,0,65,RUTGER,STREET,,
1407,0, ,RUTGER,STREET,HALL,
1408,0,50,ASPELING,STREET,,
1409,0,52,ASPELING,STREET,,
1410,0,54,ASPELING,STREET,,
1411,0,56,ASPELING,STREET,,
1412,0,58,ASPELING,STREET,,
1413,0,94,ASPELING,STREET,,
1414,0,96,ASPELING,STREET,,
1415,0,98,ASPELING,STREET,,
1416,0,100,ASPELING,STREET,,
1417,0,15,LEE,STREET,,
1418,0,19,LEE,STREET,,
1419,0,21,LEE,STREET,,
1420,0,53,ASPELING,STREET,,
1421,0,55,ASPELING,STREET,,
1422,0,57,ASPELING,STREET,,
1423,0,59,ASPELING,STREET,,
1424,0,60,ASPELING,STREET,,
1425,0,44,LEE,STREET,,
1426,0,42,LEE,STREET,,
1427,0,40,LEE,STREET,,
1428,0,38,LEE,STREET,,
1429,0,36,LEE,STREET,,
1430,0,39,LEE,STREET,,
1431,0,37,LEE,STREET,,
1432,0,35,LEE,STREET,,
1433,0,33,LEE,STREET,,
1434,0,31,LEE,STREET,,
1435,0,29,LEE,STREET,,
1436,0,27,LEE,STREET,,
1437,0,25,LEE,STREET,,
1438,0,23,LEE,STREET,,
1439,0,36,PEDERSEN,STREET,,
1440,0,38,PEDERSEN,STREET,,
1441,0,40,PEDERSEN,STREET,,
1442,0,42,PEDERSEN,STREET,,
1443,0,44,PEDERSEN,STREET,,
1444,0,42,RUSSELL,STREET,,
1445,0,40,RUSSELL,STREET,,
1446,0,38,RUSSELL,STREET,,
1447,0,36,RUSSELL,STREET,,
1448,0,34,RUSSELL,STREET,,
1449,0,32,RUSSELL,STREET,,
1450,0,30,RUSSELL,STREET,,
1451,0,28,RUSSELL,STREET,,
1452,0,26,RUSSELL,STREET,,
1453,0,60,LEE,STREET,,
1454,0,58,LEE,STREET,,
1455,0,56,LEE,STREET,,
1456,0,54,LEE,STREET,,
1457,0,52,LEE,STREET,,
1458,0,50,LEE,STREET,,
1459,0,48,LEE,STREET,,
1460,0,46,LEE,STREET,,
1461,0,46,RUSSELL,STREET,,
1462,0,48,RUSSELL,STREET,,
1463,0,50,RUSSELL,STREET,,
1464,0,52,RUSSELL,STREET,,
1465,0,54,RUSSELL,STREET,,
1466,0,56,RUSSELL,STREET,,
1467,0,49,LEE,STREET,,
1468,0,47,LEE,STREET,,
1469,0,45,LEE,STREET,,
1470,0,43,LEE,STREET,,
1471,0,16,ECKARD,STREET,,
1472,0,14,ECKARD,STREET,,
1473,0,12,ECKARD,STREET,,
1474,0,10,ECKARD,STREET,,
1475,0,8,ECKARD,STREET,,
1476,0,2,ECKARD,STREET,,
1477,0,4,ECKARD,STREET,,
1478,0,31,SPRINGFIELD,STREET,,
1479,0,33,SPRINGFIELD,STREET,,
1480,0,35,SPRINGFIELD,STREET,,
1481,0,37,SPRINGFIELD,STREET,,
1482,0,39,SPRINGFIELD,STREET,,
1483,0,41,SPRINGFIELD,STREET,,
1484,0,43,SPRINGFIELD,STREET,,
1485,0,45,SPRINGFIELD,STREET,,
1486,0,47,SPRINGFIELD,STREET,,
1487,0,24,SPRINGFIELD,STREET,,
1488,0,26,SPRINGFIELD,STREET,,
1489,0,28,SPRINGFIELD,STREET,,
1490,0,30,SPRINGFIELD,STREET,,
1491,0,32,SPRINGFIELD,STREET,,
1492,0,34,SPRINGFIELD,STREET,,
1493,0,36,SPRINGFIELD,STREET,,
1494,0,38,SPRINGFIELD,STREET,,
1495,0,42,SPRINGFIELD,STREET,,
1496,0,44,SPRINGFIELD,STREET,,
1497,0,46,SPRINGFIELD,STREET,,
1498,0,48,SPRINGFIELD,STREET,,
1499,0,50,SPRINGFIELD,STREET,,
1500,0,52,SPRINGFIELD,STREET,,
1501,0,54,SPRINGFIELD,STREET,,
1502,0,56,SPRINGFIELD,STREET,,
1503,0,3,UPPER ASHLEY,STREET,,
1504,0,5,UPPER ASHLEY,STREET,,
1505,0,7,UPPER ASHLEY,STREET,,
1506,0,9,UPPER ASHLEY,STREET,,
1507,0,11,UPPER ASHLEY,STREET,,
1508,0,13,UPPER ASHLEY,STREET,,
1509,0,15,UPPER ASHLEY,STREET,,
1510,0,17,UPPER ASHLEY,STREET,,
1511,0,19,UPPER ASHLEY,STREET,,
1512,0,21,UPPER ASHLEY,STREET,,
1513,0,23,UPPER ASHLEY,STREET,,
1514,0,25,UPPER ASHLEY,STREET,,
1515,0,27,UPPER ASHLEY,STREET,,
1516,0,29,UPPER ASHLEY,STREET,,
1517,0,31,UPPER ASHLEY,STREET,,
1518,0,33,UPPER ASHLEY,STREET,,
1519,0,35,UPPER ASHLEY,STREET,,
1520,0,37,UPPER ASHLEY,STREET,,
1521,0,39,UPPER ASHLEY,STREET,,
1522,0,41,UPPER ASHLEY,STREET,,
1523,0,43,UPPER ASHLEY,STREET,,
1524,0,45,UPPER ASHLEY,STREET,,
1525,0,47,UPPER ASHLEY,STREET,,
1526,0,2,UPPER ASHLEY,STREET,,
1527,0,4,UPPER ASHLEY,STREET,,
1528,0,6,UPPER ASHLEY,STREET,,
1529,0,8,UPPER ASHLEY,STREET,,
1530,0,10,UPPER ASHLEY,STREET,,
1531,0,12,UPPER ASHLEY,STREET,,
1532,0,14,UPPER ASHLEY,STREET,,
1533,0,16,UPPER ASHLEY,STREET,,
1534,0,18,UPPER ASHLEY,,,
1535,0,36,UPPER ASHLEY,STREET,,
1536,0,38,UPPER ASHLEY,STREET,,
1537,0,40,UPPER ASHLEY,STREET,,
1538,0,42,UPPER ASHLEY,STREET,,
1539,0,44,UPPER ASHLEY,STREET,,
1540,0,46,UPPER ASHLEY,STREET,,
1541,0,48,UPPER ASHLEY,STREET,,
1542,0,50,UPPER ASHLEY,STREET,,
1543,0,52,UPPER ASHLEY,STREET,,
1544,0,9,PLYMOUTH,ROAD,,
1545,0,11,PLYMOUTH,ROAD,,
1546,0,13,PLYMOUTH,ROAD,,
1547,0,15,PLYMOUTH,ROAD,,
1548,0,17,PLYMOUTH,ROAD,,
1549,0,19,PLYMOUTH,ROAD,,
1550,0,21,PLYMOUTH,ROAD,,
1551,0,23,PLYMOUTH,ROAD,,
1552,0,58,UPPER ASHLEY,STREET,,
1553,0,60,UPPER ASHLEY,STREET,,
1554,0,62,UPPER ASHLEY,STREET,,
1555,0,64,UPPER ASHLEY,STREET,,
1556,0,66,UPPER ASHLEY,STREET,,
1557,0,68,UPPER ASHLEY,STREET,,
1558,0,70,UPPER ASHLEY,STREET,,
1559,0,72,UPPER ASHLEY,STREET,,
1560,0,74,UPPER ASHLEY,STREET,,
1561,0,76,UPPER ASHLEY,STREET,,
1562,0,78,UPPER ASHLEY,STREET,,
1563,0,80,UPPER ASHLEY,STREET,,
1564,0,82,UPPER ASHLEY,STREET,,
1565,0,84,UPPER ASHLEY,STREET,,
1566,0,86,UPPER ASHLEY,STREET,,
1567,0,88,UPPER ASHLEY,STREET,,
1568,0,90,UPPER ASHLEY,STREET,,
1569,0,92,UPPER ASHLEY,STREET,,
1570,0,94,UPPER ASHLEY,STREET,,
1571,0,96,UPPER ASHLEY,STREET,,
1572,0,98,UPPER ASHLEY,STREET,,
1573,0,100,UPPER ASHLEY,STREET,,
1574,0,102,UPPER ASHLEY,STREET,,
1575,0,104,UPPER ASHLEY,STREET,,
1576,0,106,UPPER ASHLEY,STREET,,
1577,0,108,UPPER ASHLEY,STREET,,
1578,0,24,SUMMER,HILL,,
1579,0,22,SUMMER,HILL,,
1580,0,20,SUMMER,HILL,,
1581,0,14,SUMMER,HILL,,
1582,0,12,SUMMER,HILL,,
1583,0,10,SUMMER,HILL,,
1584,0,8,SUMMER,HILL,,
1585,0,6,SUMMER,HILL,,
1586,0,4,SUMMER,HILL,,
1587,0,21,LAVENDER,HILL,,
1588,0,19,LAVENDER,HILL,,
1589,0,17,LAVENDER,HILL,,
1590,0,15,LAVENDER,HILL,,
1591,0,13,LAVENDER,HILL,,
1592,0,11,LAVENDER,HILL,,
1593,0,9,LAVENDER,HILL,,
1594,0,7,LAVENDER,HILL,,
1595,0,5,LAVENDER,HILL,,
1596,0,3,LAVENDER,HILL,,
1597,0,26,LAVENDER,HILL,,
1598,0,24,LAVENDER,HILL,,
1599,0,22,LAVENDER,HILL,,
1600,0,20,LAVENDER,HILL,,
1601,0,18,LAVENDER,HILL,,
1602,0,16,LAVENDER,HILL,,
1603,0,14,LAVENDER,HILL,,
1604,0,12,LAVENDER,HILL,,
1605,0,10,LAVENDER,HILL,,
1606,0,8,LAVENDER,HILL,,
1607,0,6,LAVENDER,HILL,,
1608,0,1,LEGER,STREET,,
1609,0,3,LEGER,STREET,,
1610,0,5,LEGER,STREET,,
1611,0,7,LEGER,STREET,,
1612,0,9,LEGER,STREET,,
1613,0,11,LEGER,STREET,,
1614,0,13,LEGER,STREET,,
1615,0,15,LEGER,STREET,,
1616,0,16,LEGER,STREET,,
1617,0,14,LEGER,STREET,,
1618,0,12,LEGER,STREET,,
1619,0,10,LEGER,STREET,,
1620,0,8,LEGER,STREET,,
1621,0,6,LEGER,STREET,,
1622,0,4,LEGER,STREET,,
1623,0,2,LEGER,STREET,,
1624,0,15,DOVER,STREET,,
1625,0,13,DOVER,STREET,,
1626,0,11,DOVER,STREET,,
1627,0,9,DOVER,STREET,,
1628,0,7,DOVER,STREET,,
1629,0,5,DOVER,STREET,,
1630,0,3,DOVER,STREET,,
1631,0,1,DOVER,STREET,,
1632,0,5,CAUVIN,ROAD,,
1633,0,6,CAUVIN,ROAD,,
1634,0,7,CAUVIN,ROAD,,
1635,0,8,CAUVIN,ROAD,,
1636,0,9,CAUVIN,ROAD,,
1637,0,10,CAUVIN,ROAD,,
1638,0,11,CAUVIN,ROAD,,
1639,0,12,CAUVIN,ROAD,,
1640,0,13,CAUVIN,ROAD,,
1641,0,14,CAUVIN,ROAD,,
1642,0,15,CAUVIN,ROAD,,
1643,0,16,CAUVIN,ROAD,,
1644,0,17,CAUVIN,ROAD,,
1645,0,18,CAUVIN,ROAD,,
1646,0,19,CAUVIN,ROAD,,
1647,0,20,CAUVIN,ROAD,,
1648,0,21,CAUVIN,ROAD,,
1649,0,22,CAUVIN,ROAD,,
1650,0,23,CAUVIN,ROAD,,
1651,0,24,CAUVIN,ROAD,,
1652,0,25,CAUVIN,ROAD,,
1653,0,26,CAUVIN,ROAD,,
1654,0,27,CAUVIN,ROAD,,
1655,0,28,CAUVIN,ROAD,,
1656,0,29,CAUVIN,ROAD,,
1657,0,30,CAUVIN,ROAD,,
1658,0,31,CAUVIN,ROAD,,
1659,0,32,CAUVIN,ROAD,,
1660,0,33,CAUVIN,ROAD,,
1661,0,34,CAUVIN,ROAD,,
1662,0,1,PORTSMOUTH,ROAD,,
1663,0,2,PORTSMOUTH,ROAD,,
1664,0,3,PORTSMOUTH,ROAD,,
1665,0,4,PORTSMOUTH,ROAD,,
1666,0,5,PORTSMOUTH,ROAD,,
1667,0,6,PORTSMOUTH,ROAD,,
1668,0,7,PORTSMOUTH,ROAD,,
1669,0,8,PORTSMOUTH,ROAD,,
1670,0,9,PORTSMOUTH,ROAD,,
1671,0,10,PORTSMOUTH,ROAD,,
1672,0,11,PORTSMOUTH,ROAD,,
1673,0,12,PORTSMOUTH,ROAD,,
1674,0,13,PORTSMOUTH,ROAD,,
1675,0,14,PORTSMOUTH,ROAD,,
1676,0,15,PORTSMOUTH,ROAD,,
1677,0,16,PORTSMOUTH,ROAD,,
1678,0,17,PORTSMOUTH,ROAD,,
1679,0,18,PORTSMOUTH,ROAD,,
1680,0,19,PORTSMOUTH,ROAD,,
1681,0,20,PORTSMOUTH,ROAD,,
1682,0,21,PORTSMOUTH,ROAD,,
1683,0,22,PORTSMOUTH,ROAD,,
1684,0,23,PORTSMOUTH,ROAD,,
1685,0,2,GEELONG,STREET,,
1686,0,4,GEELONG,STREET,,
1687,0,6,GEELONG,STREET,,
1688,0,8,GEELONG,STREET,,
1689,0,10,GEELONG,STREET,,
1690,0,12,GEELONG,STREET,,
1691,0,14,GEELONG,STREET,,
1692,0,1,GEELONG,STREET,,
1693,0,3,GEELONG,STREET,,
1694,0,5,GEELONG,STREET,,
1695,0,7,GEELONG,STREET,,
1696,0,9,GEELONG,STREET,,
1697,0,11,GEELONG,STREET,,
1698,0,13,GEELONG,STREET,,
1699,0,15,GEELONG,STREET,,
1700,0,17,GEELONG,STREET,,
1701,0,1,MAIDSTONE,STREET,,
1702,0,2,MAIDSTONE,STREET,,
1703,0, ,MAIDSTONE,STREET,SEA VIEW,
1704,0,356,HANOVER,STREET,,
1705,0,354,HANOVER,STREET,,
1706,0,344,HANOVER,STREET,,
1707,0,346,HANOVER,STREET,,
1708,0,348,HANOVER,STREET,,
1709,0,350,HANOVER,STREET,,
1710,0,371,HANOVER,STREET,,
1711,0,373,HANOVER,STREET,,
1712,0,375,HANOVER,STREET,,
1713,0,377,HANOVER,STREET,,
1714,0,379,HANOVER,STREET,,
1715,0,381,HANOVER,STREET,,
1716,0,2,WINDSOR,STREET,,
1717,0,4,WINDSOR,STREET,,
1718,0,6,WINDSOR,STREET,,
1719,0,8,WINDSOR,STREET,,
1720,0,10,WINDSOR,STREET,,
1721,0,12,WINDSOR,STREET,,
1722,0,14,WINDSOR,STREET,,
1723,0,16,WINDSOR,STREET,,
1724,0,20,WINDSOR,STREET,,
1725,0,22,WINDSOR,STREET,,
1726,0,24,WINDSOR,STREET,,
1727,0,26,WINDSOR,STREET,,
1728,0,28,WINDSOR,STREET,,
1729,0,30,WINDSOR,STREET,,
1730,0,19,BRUCE,STREET,,
1731,0,20,BRUCE,STREET,,
1732,0,22,BRUCE,STREET,,
1733,0,24,BRUCE,STREET,,
1734,0,26,BRUCE,STREET,,
1735,0,28,BRUCE,STREET,,
1736,0,30,BRUCE,STREET,,
1737,0,32,BRUCE,STREET,,
1738,0,34,BRUCE,STREET,,
1739,0,36,BRUCE,STREET,,
1740,0,38,BRUCE,STREET,,
1741,0,40,BRUCE,STREET,,
1742,0,42,BRUCE,STREET,,
1743,0,44,BRUCE,STREET,,
1744,0,46,BRUCE,STREET,,
1745,0,48,BRUCE,STREET,,
1746,0,33,LOCH,STREET,,
1747,0,35,LOCH,STREET,,
1748,0,37,LOCH,STREET,,
1749,0,39,LOCH,STREET,,
1750,0,41,LOCH,STREET,,
1751,0,43,LOCH,STREET,,
1752,0,45,LOCH,STREET,,
1753,0,47,LOCH,STREET,,
1754,0,17,BRUCE,STREET,,
1755,0,19,BRUCE,STREET,,
1756,0,21,BRUCE,STREET,,
1757,0,23,BRUCE,STREET,,
1758,0,25,BRUCE,STREET,,
1759,0,27,BRUCE,STREET,,
1760,0, ,NILE,STREET,CHURCH,
1761,0, ,NILE,STREET,SCHOOL,
1762,0,16,NILE,STREET,,
1763,0,18,NILE,STREET,,
1764,0,20,NILE,STREET,,
1765,0,22,NILE,STREET,,
1766,0,24,NILE,STREET,,
1767,0,26,NILE,STREET,,
1768,0,28,NILE,STREET,,
1769,0,30,NILE,STREET,,
1770,0,32,NILE,STREET,,
1771,0,34,NILE,STREET,,
1772,0, ,SEARLE,STREET,SCHOOL,
1773,0,64,SEARLE,STREET,,
1774,0,62,SEARLE,STREET,,
1775,0,60,SEARLE,STREET,,
1776,0,58,SEARLE,STREET,,
1777,0,56,SEARLE,STREET,,
1778,0,54,SEARLE,STREET,,
1779,0,23,NILE,STREET,,
1780,0, ,SEARLE,STREET,TENNIS COURTS,
1781,0, ,CAMBRIDGE,STREET,COLLEGE,
1782,0, ,COLLEGE,STREET,QUADRANGLE,
1783,0, ,SHEPPARD,STREET,CHURCH,
1784,0,73,SHEPPARD,STREET,,
1785,0,75,SHEPPARD,STREET,,
1786,0,57,SHEPPARD,STREET,,
1787,0,59,SHEPPARD,STREET,,
1788,0,61,SHEPPARD,STREET,,
1789,0,63,SHEPPARD,STREET,,
1790,0,65,SHEPPARD,STREET,,
1791,0,67,SHEPPARD,STREET,,
1792,0,69,SHEPPARD,STREET,,
1793,0,11,SUMMER,HILL,,
1794,0,13,SUMMER,HILL,,
1795,0,15,SUMMER,HILL,,
1796,0,17,SUMMER,HILL,,
1797,0,19,SUMMER,HILL,,
1798,0,5,SUMMER,HILL,,
1799,0,7,SUMMER,HILL,,
1800,0,9,SUMMER,HILL,,
1801,0,3,SUMMER,HILL,,
1802,0,41,COWLEY,STREET,,
1803,0,43,COWLEY,STREET,,
1804,0,16,COMBRINK,STREET,,
1805,0,18,COMBRINK,STREET,,
1806,0,11,COMBRINK,STREET,,
1807,0,13,COMBRINK,STREET,,
1808,0,15,COMBRINK,STREET,,
1809,0,17,COMBRINK,STREET,,
1810,0,19,COMBRINK,STREET,,
1811,0,20,COMBRINK,STREET,,
1812,0,3,COMBRINK,STREET,,
1813,0,5,COMBRINK,STREET,,
1814,0,44,COWLEY,STREET,,
1815,0,46,COWLEY,STREET,,
1816,0,48,COWLEY,STREET,,
1817,0,50,COWLEY,STREET,,
1818,0,52,COWLEY,STREET,,
1819,0,54,COWLEY,STREET,,
1820,0, ,ECKARD,STREET,CINEMA,
1821,0,59,RUSSELL,STREET,,
1822,0,57,RUSSELL,STREET,,
1823,0,55,RUSSELL,STREET,,
1824,0,53,RUSSELL,STREET,,
1825,0,51,RUSSELL,STREET,,
1826,0,49,RUSSELL,STREET,,
1827,0,47,RUSSELL,STREET,,
1828,0,45,RUSSELL,STREET,,
1829,0,43,RUSSELL,STREET,,
1830,0,27,PEDERSEN,STREET,,
1831,0,29,PEDERSEN,STREET,,
1832,0,31,PEDERSEN,STREET,,
1833,0,33,PEDERSEN,STREET,,
1834,0,35,PEDERSEN,STREET,,
1835,0,36,COWLEY,STREET,,
1836,0,38,COWLEY,STREET,,
1837,0,40,COWLEY,STREET,,
1838,0,42,COWLEY,STREET,,
1839,0,72,PONTAC,STREET,,
1840,0,74,PONTAC,STREET,,
1841,0,76,PONTAC,STREET,,
1842,0,78,PONTAC,STREET,,
1843,0,80,PONTAC,STREET,,
1844,0,34,COWLEY,STREET,,
1845,0,30,COWLEY,STREET,,
1846,0,28,COWLEY,STREET,,
1847,0,11,COWLEY,STREET,,
1848,0,13,COWLEY,STREET,,
1849,0,66,PONTAC,STREET,,
1850,0,68,PONTAC,STREET,,
1851,0,70,PONTAC,STREET,,
1852,0,17,RUSSELL,STREET,,
1853,0,19,RUSSELL,STREET,,
1854,0,21,RUSSELL,STREET,,
1855,0,23,RUSSELL,STREET,,
1856,0,16,RUSSELL,STREET,,
1857,0,12,RUSSELL,STREET,,
1858,0,10,RUSSELL,STREET,,
1859,0,27,RUSSELL,STREET,,
1860,0,51,PONTAC,STREET,,
1861,0,53,PONTAC,STREET,,
1862,0,24,PONTAC,STREET,,
1863,0,6,COWLEY,STREET,,
1864,0,71,ASPELING,STREET,,
1865,0,73,ASPELING,STREET,,
1866,0,75,ASPELING,STREET,,
1867,0,77,ASPELING,STREET,,
1868,0,79,ASPELING,STREET,,
1869,0,81,ASPELING,STREET,,
1870,0,52,PEDERSEN,STREET,,
1871,0,54,PEDERSEN,STREET,,
1872,0,56,PEDERSEN,STREET,,
1873,0,58,PEDERSEN,STREET,,
1874,0,60,PEDERSEN,STREET,,
1875,0,62,PEDERSEN,STREET,,
1876,0,64,PEDERSEN,STREET,,
1877,0,66,PEDERSEN,STREET,,
1878,0,68,PEDERSEN,STREET,,
1879,0,70,PEDERSEN,STREET,,
1880,0,72,PEDERSEN,STREET,,
1881,0,74,PEDERSEN,STREET,,
1882,0,78,PEDERSEN,STREET,,
1883,0,80,PEDERSEN,STREET,,
1884,0,82,PEDERSEN,STREET,,
1885,0,84,PEDERSEN,STREET,,
1886,0,51,PEDERSEN,STREET,,
1887,0,49,PEDERSEN,STREET,,
1888,0,47,PEDERSEN,STREET,,
1889,0,45,PEDERSEN,STREET,,
1890,0,43,PEDERSEN,STREET,,
1891,0,46,GRAY,STREET,,
1892,0,44,GRAY,STREET,,
1893,0,42,GRAY,STREET,,
1894,0,40,GRAY,STREET,,
1895,0,38,GRAY,STREET,,
1896,0,36,GRAY,STREET,,
1897,0, ,GRAY,STREET,CHURCH,
1898,0,49,GRAY,STREET,,
1899,0,51,GRAY,STREET,,
1900,0,126,ASPELING,STREET,,
1901,0,128,ASPELING,STREET,,
1902,0,130,ASPELING,STREET,,
1903,0,132,ASPELING,STREET,,
1904,0,27,PHILIPS,STREET,,
1905,0,29,PHILIPS,STREET,,
1906,0,31,PHILIPS,STREET,,
1907,0,33,PHILIPS,STREET,,
1908,0,35,PHILIPS,STREET,,
1909,0,37,PHILIPS,STREET,,
1910,0,73,RUSSELL,STREET,,
1911,0,71,RUSSELL,STREET,,
1912,0,69,RUSSELL,STREET,,
1913,0,67,RUSSELL,STREET,,
1914,0,65,RUSSELL,STREET,,
1915,0,24,PHILIPS,STREET,,
1916,0,22,PHILIPS,STREET,,
1917,0,22,COMBRINK,STREET,,
1918,0,24,COMBRINK,STREET,,
1919,0,26,COMBRINK,STREET,,
1920,0,28,COMBRINK,STREET,,
1921,0,30,COMBRINK,STREET,,
1922,0,32,COMBRINK,STREET,,
1923,0,36,COMBRINK,STREET,,
1924,0,38,COMBRINK,STREET,,
1925,0,40,COMBRINK,STREET,,
1926,0,42,COMBRINK,STREET,,
1927,0,44,COMBRINK,STREET,,
1928,0,46,COMBRINK,STREET,,
1929,0,235,CALEDON,STREET,,
1930,0,233,CALEDON,STRE,,
1931,0, ,,,,
1932,0,217,CALEDON,STREET,,
1933,0,219,CALEDON,STREET,,
1934,0,223,CALEDON,STREET,,
1935,0,225,CALEDON,STREET,,
1936,0,215,CALEDON,STREET,,
1937,0,213,CALEDON,STREET,,
1938,0,209,CALEDON,STREET,,
1939,0,37,ROGER,STREET,,
1940,0,35,ROGER,STREET,,
1941,0,33,ROGER,STREET,,
1942,0,31,ROGER,STREET,,
1943,0,21,SIDNEY,STREET,,
1944,0,19,SIDNEY,STREET,,
1945,0,17,SIDNEY,STREET,,
1946,0,15,SIDNEY,STREET,,
1947,0,28,CHAPEL,STREET,,
1948,0,30,CHAPEL,STREET,,
1949,0,32,CHAPEL,STREET,,
1950,0,42,PARKIN,STREET,,
1951,0,40,PARKIN,STREET,,
1952,0,38,PARKIN,STREET,,
1953,0,36,PARKIN,STREET,,
1954,0,34,PARKIN,STREET,,
1955,0,12,GODFREY,STREET,,
1956,0,10,GODFREY,STREET,,
1957,0,8,GODFREY,STREET,,
1958,0,6,GODFREY,STREET,,
1959,0,4,GODFREY,STREET,,
1960,0,2,GODFREY,STREET,,
1961,0,41,PARKIN,STREET,,
1962,0,39,PARKIN,STREET,,
1963,0,37,PARKIN,STREET,,
1964,0,35,PARKIN,STREET,,
1965,0,33,PARKIN,STREET,,
1966,0,14,TYNE,STREET,,
1967,0,12,TYNE,STREET,,
1968,0,10,TYNE,STREET,,
1969,0,8,ROGER,STREET,,
1970,0,6,ROGER,STREET,,
1971,0,4,ROGER,STREET,,
1972,0,2,ROGER,STREET,,
1973,0,57,TENNANT,STREET,,
1974,0,55,TENNANT,STREET,,
1975,0,41,TENNANT,STREET,,
1976,0,39,TENNANT,STREET,,
1977,0,37,TENNANT,STREET,,
1978,0,35,TENNANT,STREET,,
1979,0,33,TENNANT,STREET,,
1980,0,34,TENNANT,STREET,,
1981,0,32,TENNANT,STREET,,
1982,0,30,TENNANT,STREET,,
1983,0,28,TENNANT,STREET,,
1984,0,26,TENNANT,STREET,,
1985,0,24,TENNANT,STREET,,
1986,0,17,PARKIN,STREET,,
1987,0,19,PARKIN,STREET,,
1988,0,21,PARKIN,STREET,,
1989,0,23,PARKIN,STREET,,
1990,0,25,PARKIN,STREET,,
1991,0,27,PARKIN,STREET,,
1992,0,29,PARKIN,STREET,,
1993,0,31,PARKIN,STREET,,
1994,0,53,TENNANT,STREET,,
1995,0, ,,,,
1996,0,51,TENNANT,STREET,,
1997,0,49,TENNANT,STREET,,
1998,0,47,TENNANT,STREET,,
1999,0,82,DARLING,STREET,,
2000,0,80,DARLING,STREET,,
2001,0,78,DARLING,STREET,,
2002,0,76,DARLING,STREET,,
2003,0,74,DARLING,STREET,,
2004,0,72,DARLING,STREET,,
2005,0,70,DARLING,STREET,,
2006,0,129,CALEDON,STREET,,
2007,0,131,CALEDON,STREET,,
2008,0,134,CALEDON,STREET,,
2009,0,136,CALEDON,STREET,,
2010,0,138,CALEDON,STREET,,
2011,0,22,CANNON,STREET,,
2012,0,25,CANNON,STREET,,
2013,0,23,CANNON,STREET,,
2014,0,21,CANNON,STREET,,
2015,0,19,CANNON,STREET,,
2016,0,20,CANNON,STREET,,
2017,0,18,CANNON,STREET,,
2018,0,16,CANNON,STREET,,
2019,0,14,CANNON,STREET,,
2020,0,12,CANNON,STREET,,
2021,0,2,LONGMARKET,STREET,,
2022,0,4,LONGMARKET,STREET,,
2023,0,6,LONGMARKET,STREET,,
2024,0,8,LONGMARKET,STREET,,
2025,0,12,LONGMARKET,STREET,,
2026,0,14,LONGMARKET,STREET,,
2027,0,10,LONGMARKET,STREET,,
2028,0, ,LONGMARKET,STREET,FACTORY,
2029,0,43,LONGMARKET,STREET,,
2030,0,45,LONGMARKET,STREET,,
2031,0,47,LONGMARKET,STREET,,
2032,0,32,VAN DE LEUR,STREET,,
2033,0,34,VAN DE LEUR,STREET,,
2034,0,36,VAN DE LEUR,STREET,,
2035,0,38,VAN DE LEUR,STREET,,
2036,0,40,VAN DE LEUR,STREET,,
2037,0,42,VAN DE LEUR,STREET,,
2038,0,43,VAN DE LEUR,STREET,,
2039,0,45,VAN DE LEUR,STREET,,
2040,0,47,VAN DE LEUR,STREET,,
2041,0,49,VAN DE LEUR,STREET,,
2042,0,51,VAN DE LEUR,STREET,,
2043,0,53,VAN DE LEUR,STREET,,
2044,0,127,CALEDON,STREET,,
2045,0, ,CALEDON,STREET,SHOP,
2046,0,125,CALEDON,STREET,,
2047,0,113,CALEDON,STREET,,
2048,0,115,CALEDON,STREET,,
2049,0,117,CALEDON,STREET,,
2050,0,119,CALEDON,STREET,,
2051,0,35,MOUNT,STREET,,
2052,0,33,MOUNT,STREET,,
2053,0,31,MOUNT,STREET,,
2054,0,34,MOUNT,STREET,,
2055,0,32,MOUNT,STREET,,
2056,0,30,MOUNT,STREET,,
2057,0,28,MOUNT,STREET,,
2058,0,26,MOUNT,STREET,,
2059,0,24,MOUNT,STREET,,
2060,0,22,MOUNT,STREET,,
2061,0,2,SOREY,LANE,,
2062,0,3,SOREY,LANE,,
2063,0,1,SOREY,LANE,,
2064,0,29,MOUNT,STREET,,
2065,0,27b,MOUNT,STREET,,
2066,0,27,MOUNT,STREET,,
2067,0,27a,MOUNT,STREET,,
2068,0,67,MOUNT,STREET,,
2069,0,40,LONGMARKET,STREET,,
2070,0,42,LONGMARKET,STREET,,
2071,0,44,LONGMARKET,STREET,,
2072,0,48,LONGMARKET,STREET,,
2073,0,25,MOUNT,STREET,,
2074,0,23,MOUNT,STREET,,
2075,0,21,MOUNT,STREET,,
2076,0,19,MOUNT,STREET,,
2077,0,17,MOUNT,STREET,,
2078,0,20,MOUNT,STREET,,
2079,0,18,MOUNT,STREET,,
2080,0,16,MOUNT,STREET,,
2081,0,14,MOUNT,STREET,,
2082,0,50,LONGMARKET,STREET,,
2083,0,52,LONGMARKET,STREET,,
2084,0,54,LONGMARKET,STREET,,
2085,0,56,LONGMARKET,STREET,,
2086,0,58,LONGMARKET,STREET,,
2087,0,60,LONGMARKET,STREET,,
2088,0,62,LONGMARKET,STREET,,
2089,0,5,PRIMROSE,STREET,,
2090,0,33,PRIMROSE,STREET,,
2091,0,10,PRIMROSE,STREET,,
2092,0,8,PRIMROSE,STREET,,
2093,0,6,PRIMROSE,STREET,,
2094,0,20,UPPER DARLING,STREET,,
2095,0,22,UPPER DARLING,STREET,,
2096,0,24,UPPER DARLING,STREET,,
2097,0,26,UPPER DARLING,STREET,,
2098,0,28,UPPER DARLING,STREET,,
2099,0,30,UPPER DARLING,STREET,,
2100,0,32,UPPER DARLING,STREET,,
2101,0,34,UPPER DARLING,STREET,,
2102,0,42,UPPER DARLING,STREET,,
2103,0,40,UPPER DARLING,STREET,,
2104,0,94,UPPER DARLING,STREET,,
2105,0,96,UPPER DARLING,STREET,,
2106,0,98,UPPER DARLING,STREET,,
2107,0,68,LONGMARKET,STREET,,
2108,0,68a,LONGMARKET,STREET,,
2109,0,68b,LONGMARKET,STREET,,
2110,0,29,BUITENKANT,STREET,,
2111,0,31,BUITENKANT,STREET,,
2112,0,33,BUITENKANT,STREET,,
2113,0,35,BUITENKANT,STREET,,
2114,0,82,BARRACK,STREET,,
2115,0,82,BARRACK,STREET,,
2116,0,86,BARRACK,,,
2117,0,88,BARRACK,STREET,,
2118,0,60,HARRINGTON,STREET,,
2119,0,58,HARRINGTON,STREET,,
2120,0,56,HARRINGTON,STREET,,
2121,0,54,HARRINGTON,STREET,,
2122,0,52,HARRINGTON,STREET,,
2123,0,50,HARRINGTON,STREET,,
2124,0,50,HARRINGTON,STREET,,
2125,0,46,HARRINGTON,STREET,,
2126,0,44,HARRINGTON,STREET,,
2127,0,42,HARRINGTON,STREET,,
2128,0,38,HARRINGTON,STREET,,
2129,0,17,BARRACK,STREET,,
2130,0,61,SACKSVILLE,STREET,,
2131,0,59,SACKSVILLE,STREET,,
2132,0,57,SACKSVILLE,STREET,,
2133,0,55,SACKSVILLE,STREET,,
2134,0,53,SACKSVILLE,STREET,,
2135,0,51,SACKSVILLE,STREET,,
2136,0,49,SACKSVILLE,STREET,,
2137,0,47,SACKSVILLE,STREET,,
2138,0,45,SACKSVILLE,STREET,,
2139,0,6,ASPELING,STREET,,
2140,0,4,ASPELING,STREET,,
2141,0,66,HORSTLEY,STREET,,
2142,0,68,HORSTLEY,STREET,,
2143,0,70,HORSTLEY,STREET,,
2144,0,72,HORSTLEY,STREET,,
2145,0,74,HORSTLEY,STREET,,
2146,0,76,HORSTLEY,STREET,,
2147,0,78,HORSTLEY,STREET,,
2148,0,80,HORSTLEY,STREET,,
2149,0,82,HORSTLEY,STREET,,
2150,0,84,HORSTLEY,STREET,,
2151,0,86,HORSTLEY,STREET,,
2152,0,88,HORSTLEY,STREET,,
2153,0,90,HORSTLEY,STREET,,
2154,0,92,HORSTLEY,STREET,,
2155,0,94,HORSTLEY,STREET,,
2156,0,96,HORSTLEY,STREET,,
2157,0,98,HORSTLEY,STREET,,
2158,0,8,SPRINGFIELD,STREET,,
2159,0,10,SPRINGFIELD,STREET,,
2160,0,12,SPRINGFIELD,STREET,,
2161,0,14,SPRINGFIELD,STREET,,
2162,0,16,SPRINGFIELD,STREET,,
2163,0,18,SPRINGFIELD,STREET,,
2164,0,20,SPRINGFIELD,STREET,,
2165,0,22,SPRINGFIELD,STREET,,
2166,0,9,SPRINGFIELD,STREET,,
2167,0,11,SPRINGFIELD,STREET,,
2168,0,13,SPRINGFIELD,STREET,,
2169,0,15,SPRINGFIELD,STREET,,
2170,0,17,SPRINGFIELD,STREET,,
2171,0,19,SPRINGFIELD,STREET,,
2172,0,21,SPRINGFIELD,STREET,,
2173,0,23,,,,
2174,0,25,SPRINGFIELD,STREET,,
2175,0,27,SPRINGFIELD,STREET,,
2176,0,2,SPRINGFIELD,STREET,,
2177,0,4,SPRINGFIELD,STREET,,
2178,0,272,HANOVER,STREET,,
2179,0,270,HANOVER,STREET,,
2180,0,27,COMBRINK,STREET,,
2181,0,25,COMBRINK,STREET,,
2182,0,23,COMBRINK,STREET,,
2183,0,21,COMBRINK,STREET,,
2184,0,60,QUEEN,STREET,,
2185,0, ,QUEEN,STREET,FACTORY,
2186,0,24,QUEEN,STREET,,
2187,0,22,QUEEN,STREET,,
2188,0,20,QUEEN,STREET,,
2189,0,18,QUEEN,STREET,,
2190,0,16,QUEEN,STREET,,
2191,0,14,QUEEN,STREET,,
2192,0,12,QUEEN,STREET,,
2193,0,10,QUEEN,STREET,,
2194,0,29,GRAY,STREET,,
2195,0,27,GRAY,STREET,,
2196,0,25,GRAY,STREET,,
2197,0,23,GRAY,STREET,,
2198,0,21,GRAY,STREET,,
2199,0,19,GRAY,STREET,,
2200,0,17,GRAY,STREET,,
2201,0,15,GRAY,STREET,,
2202,0,13,GRAY,STREET,,
2203,0,25,QUEEN,STREET,,
2204,0,23,QUEEN,STREET,,
2205,0,21,QUEEN,STREET,,
2206,0,19,QUEEN,STREET,,
2207,0,17,QUEEN,STREET,,
2208,0,15,QUEEN,STREET,,
2209,0,108,ROGER,STREET,,
2210,0,110,ROGER,STREET,,
2211,0,112,ROGER,STREET,,
2212,0,116,ROGER,STREET,,
2213,0,114,ROGER,STREET,,
2214,0,118,ROGER,STREET,,
2215,0,120,ROGER,STREET,,
2216,0,122,ROGER,STREET,,
2217,0,124,ROGER,STREET,,
2218,0,126,ROGER,STREET,,
2219,0,128,ROGER,STREET,,
2220,0,130,ROGER,STREET,,
2221,0,132,ROGER,STREET,,
2222,0,2,SHEPPARD,STREET,,
2223,0,4,SHEPPARD,STREET,,
2224,0,6,SHEPPARD,STREET,,
2225,0,8,SHEPPARD,STREET,,
2226,0,10,SHEPPARD,STREET,,
2227,0,119,ASPELING,STREET,,
2228,0,121,ASPELING,STREET,,
2229,0,123,ASPELING,STREET,,
2230,0,125,ASPELING,STREET,,
2231,0,126,PONTAC,STREET,,
2232,0,129,PONTAC,STREET,,
2233,0,130,PONTAC,STREET,,
2234,0,132,PONTAC,STREET,,
2235,0,134,PONTAC,STREET,,
2236,0,136,PONTAC,STREET,,
2237,0,138,PONTAC,STREET,,
2238,0,140,PONTAC,STREET,,
2239,0,142,PONTAC,STREET,,
2240,0,31,VIRGINIA,STREET,,
2241,0,29,VIRGINIA,STREET,,
2242,0,27,VIRGINIA,STREET,,
2243,0,25,VIRGINIA,STREET,,
2244,0,23,VIRGINIA,STREET,,
2245,0,21,VIRGINIA,STREET,,
2246,0,14,VIRGINIA,STREET,,
2247,0,16,VIRGINIA,STREET,,
2248,0,18,VIRGINIA,STREET,,
2249,0,20,VIRGINIA,STREET,,
2250,0,2,BALIMORAL,STREET,,
2251,0,4,BALIMORAL,STREET,,
2252,0,6,BALIMORAL,STREET,,
2253,0,8,BALIMORAL,STREET,,
2254,0,10,BALIMORAL,STREET,,
2255,0,12,BALIMORAL,STREET,,
2256,0,14,BALIMORAL,STREET,,
2257,0,16,BALIMORAL,STREET,,
2258,0,1,BALIMORAL,STREET,,
2259,0,3,BALIMORAL,STREET,,
2260,0,5,BALIMORAL,STREET,,
2261,0,7,BALIMORAL,STREET,,
2262,0,9,BALIMORAL,STREET,,
2263,0,11,BALIMORAL,STREET,,
2264,0,13,BALIMORAL,STREET,,
2265,0,15,BALIMORAL,STREET,,
2266,0,17,BALIMORAL,STREET,,
2267,0,19,BALIMORAL,STREET,,
2268,0,21,BALIMORAL,STREET,,
2269,0, ,LOCH,STREET,CHURCH,
2270,0,15,LOCH,STREET,,
2271,0,17,LOCH,STREET,,
2272,0,19,LOCH,STREET,,
2273,0,21,LOCH,STREET,,
2274,0,23,LOCH,STREET,,
2275,0, ,,,,
2276,0, ,,,,
2277,0, ,,,,
2278,0,22,SIR LOWRY,ROAD,,
2279,0,26,SIR LOWRY,STREET,,
2280,0,28,SIR LOWRY,STREET,,
2281,0,30,SIR LOWRY,STREET,,
2282,0,32,SIR LOWRY,STREET,,
2283,0,34,SIR LOWRY,STREET,,
2284,0,36,SIR LOWRY,STREET,,
2285,0,47,RICHMOND,STREET,,
2286,0,45,RICHMOND,STREET,,
2287,0,24,RUSSELL,STREET,,
2288,0,22,RUSSELL,STREET,,
2289,0,20,RUSSELL,STREET,,
2290,0,22,COWLEY,STREET,,
2291,0,20,COWLEY,STREET,,
2292,0,50,PONTAC,STREET,,
2293,0,52,PONTAC,STREET,,
2294,0,54,PONTAC,STREET,,
2295,0,56,PONTAC,STREET,,
2296,0,58,PONTAC,STREET,,
2297,0,60,PONTAC,STREET,,
2298,0,55,RUTGER,STREET,,
2299,0,57,RUTGER,STREET,,
2300,0,59,RUTGER,STREET,,
2301,0,60,RUTGER,STREET,,
2302,0,58,RUTGER,STREET,,
2303,0,56,RUTGER,STREET,,
2304,0,54,RUTGER,STREET,,
2305,0,52,RUTGER,STREET,,
2306,0,50,RUTGER,STREET,,
2307,0,48,RUTGER,STREET,,
2308,0,46,RUTGER,STREET,,
2309,0,34,LEE,STREET,,
2310,0,32,LEE,STREET,,
2311,0,30,LEE,STREET,,
2312,0,43,ASPELING,STREET,,
2313,0,47,ASPELING,STREET,,
2314,0,49,ASPELING,STREET,,
2315,0,51,ASPELING,STREET,,
2316,0,28,LEE,STREET,,
2317,0,26,LEE,STREET,,
2318,0,24,LEE,STREET,,
2319,0,22,LEE,STREET,,
2320,0,20,LEE,STREET,,
2321,0,18,LEE,STREET,,
2322,0,16,LEE,STREET,,
2323,0,74,ROGER,STREET,,
2324,0,72,ROGER,STREET,,
2325,0,70,ROGER,STREET,,
2326,0,68,ROGER,STREET,,
2327,0,33,STUCKERIS,STREET,,
2328,0,31,STUCKERIS,STREET,,
2329,0,29,STUCKERIS,STREET,,
2330,0,27,STUCKERIS,STREET,,
2331,0,25,STUCKERIS,STREET,,
2332,0,23,STUCKERIS,STREET,,
2333,0, ,STUCKERIS,STREET,CLINIC,
2334,0,30,STUCKERIS,STREET,,
2335,0,28,STUCKERIS,STREET,,
2336,0,26,STUCKERIS,STREET,,
2337,0,24,STUCKERIS,STREET,,
2338,0,22,STUCKERIS,STREET,,
2339,0,64,CHAPEL,STREET,,
2340,0,62,CHAPEL,STREET,,
2341,0,60,CHAPEL,STREET,,
2342,0,33,ASHLEY,STREET,,
2343,0,35,ASHLEY,STREET,,
2344,0,37,ASHLEY,STREET,,
2345,0,39,ASHLEY,STREET,,
2346,0,22,CROSS,STREET,,
2347,0,24,CROSS,STREET,,
2348,0,26,CROSS,STREET,,
2349,0,29,CROSS,STREET,,
2350,0,46,HORSTLEY,STREET,,
2351,0,48,HORSTLEY,STREET,,
2352,0,50,HORSTLEY,STREET,,
2353,0,52,HORSTLEY,STREET,,
2354,0,54,HORSTLEY,STREET,,
2355,0,56,HORSTLEY,STREET,,
2356,0,58,HORSTLEY,STREET,,
2357,0,87,SHEPPARD,STREET,,
2358,0,85,SHEPPARD,STREET,,
2359,0,83,SHEPPARD,STREET,,
2360,0,81,SHEPPARD,STREET,,
2361,0,268,HANOVER,STREET,,
2362,0,266,HANOVER,STREET,,
2363,0,264,HANOVER,STREET,,
2364,0,8,CHAPEL,STREET,,
2365,0,10,CHAPEL,STREET,,
2366,0,12,CHAPEL,STREET,,
2367,0,14,CHAPEL,STREET,,
2368,0,16,CHAPEL,STREET,,
2369,0,18,CHAPEL,STREET,,
2370,0,20,CHAPEL,STREET,,
2371,0,10,CANNON,STREET,,
2372,0,8,CANNON,STREET,,
2373,0,6,CANNON,STREET,,
2374,0,12,WICHT,STREET,,
2375,0,14,WICHT,STREET,,
2376,0,16,WICHT,STREET,,
2377,0,18,WICHT,STREET,,
2378,0,72,DE VILLIERS,STREET,,
2379,0,70,DE VILLIERS,STREET,,
2380,0,68,DE VILLIERS,STREET,,
2381,0,66,DE VILLIERS,STREET,,
2382,0, ,WILLIAM,STREET,SCHOOL,
2383,0, ,CHESTER,ROAD,FLATS,
2384,0, ,CHESTER,ROAD,TENNIS COURT,
2385,0,38,HYDE,STREET,,
2386,0,40,HYDE,STREET,,
2387,0,42,HYDE,STREET,,
2388,0,44,HYDE,STREET,,
2389,0,46,HYDE,STREET,,
2390,0, ,HYDE,STREET,AFRICAN CLOTHING FACTORY,
2391,0,48,HYDE,STREET,,
2392,0,50,HYDE,STREET,,
2393,0,54,HYDE,STREET,,
2394,0,56,HYDE,STREET,,
2395,0,58,HYDE,STREET,,
2396,0,60,HYDE,STREET,,
2397,0,62,HYDE,STREET,,
2398,0, ,HYDE,STREET,SCHOOL,
2399,0,40,SEARLE,STREET,,
2400,0,150,PONTAC,STREET,,
2401,0,38,WARWICK,STREET,,
2402,0,34,WARWICK,STREET,,
2403,0,32,WARWICK,STREET,,
2404,0,30,WARWICK,STREET,,
2405,0,28,WARWICK,STREET,,
2406,0,69,CHAPEL,STREET,,
2407,0,71,CHAPEL,STREET,,
2408,0,73,CHAPEL,STREET,,
2409,0,75,CHAPEL,STREET,,
2410,0,77,CHAPEL,STREET,,
2411,0,79,CHAPEL,STREET,,
2412,0,81,CHAPEL,STREET,,
2413,0,83,CHAPEL,STREET,,
2414,0,85,CHAPEL,STREET,,
2415,0,87,CHAPEL,STREET,,
2416,0,89,CHAPEL,STREET,,
2417,0,91,CHAPEL,STREET,,
2418,0,93,CHAPEL,STREET,,
2419,0,95,CHAPEL,STREET,,
2420,0,97,CHAPEL,STREET,,
2421,0,99,CHAPEL,STREET,,
2422,0,101,CHAPEL,STREET,,
2423,0, ,CHAPEL,STREET,SCHOOL,
2424,0,111,CHAPEL,STREET,,
2425,0,113,CHAPEL,STREET,,
2426,0,115,CHAPEL,STREET,,
2427,0,117,CHAPEL,STREET,,
2428,0, ,RUSSELL,STREET,CARPENTRY SHOP,
2429,0, ,RUTGER,STREET,OFFICES,
2430,0, ,SELKIRK,STREET,MUNICIPAL STORE,
2431,0, ,SELKIRK,STREET,FURNITURE FACTORY,
2432,0,46,SIR LOWRY,ROAD,,
2433,0,48,SIR LOWRY,ROAD,,
2434,0,52,SIR LOWRY,ROAD,,
2435,0,38,SIR LOWRY,ROAD,,
2436,0, ,OAK,STREET,FACTORY,
2437,0,10,SIR LOWRY,ROAD,,
2438,0,12,SIR LOWRY,ROAD,,
2439,0,4,SIR LOWRY,ROAD,,
2440,0,110,UPPER DARLING,STREET,,
2441,0,112,UPPER DARLING,STREET,,
2442,0,114,UPPER DARLING,STREET,,
2443,0,106,UPPER DARLING,STREET,,
2444,0,108,UPPER DARLING,STREET,,
2445,0, ,DRURY,LANE,SCHOOL,
2446,0, ,DRURY,LANE,WAREHOUSE,
