Date,Auditor,Filename,Passed
1/11/2011,Heather Ellsworth,SAFR0017D_SAFR0017D-StMarksBaptismRcds-Aug1877-Feb1884_M_00005.tif,Y
1/11/2011,Heather Ellsworth,SAFR0017D_SAFR0017D-StMarksBaptismRcds-Aug1877-Feb1884_M_00010.tif,Y
1/11/2011,Heather Ellsworth,SAFR0017D_SAFR0017D-StMarksBaptismRcds-Aug1877-Feb1884_M_00013.tif,Y
1/11/2011,Heather Ellsworth,SAFR0017D_SAFR0017D-StMarksBaptismRcds-Aug1877-Feb1884_M_00026.tif,Y
1/11/2011,Heather Ellsworth,SAFR0017D_SAFR0017D-StMarksBaptismRcds-Aug1877-Feb1884_M_00038.tif,Y
1/11/2011,Heather Ellsworth,SAFR0017D_SAFR0017D-StMarksBaptismRcds-Aug1877-Feb1884_M_00045.tif,Y
1/11/2011,Heather Ellsworth,SAFR0017D_SAFR0017D-StMarksBaptismRcds-Aug1877-Feb1884_M_00051.tif,Y
1/11/2011,Heather Ellsworth,SAFR0017D_SAFR0017D-StMarksBaptismRcds-Aug1877-Feb1884_M_00054.tif,Y
1/11/2011,Heather Ellsworth,SAFR0017D_SAFR0017D-StMarksBaptismRcds-Aug1877-Feb1884_M_00085.tif,Y
1/11/2011,Heather Ellsworth,SAFR0017D_SAFR0017D-StMarksBaptismRcds-Aug1877-Feb1884_M_00094.tif,Y
1/11/2011,Heather Ellsworth,SAFR0017D_SAFR0017D-StMarksBaptismRcds-Feb1884-Oct1888_M_00004.tif,Y
1/11/2011,Heather Ellsworth,SAFR0017D_SAFR0017D-StMarksBaptismRcds-Feb1884-Oct1888_M_00019.tif,Y
1/11/2011,Heather Ellsworth,SAFR0017D_SAFR0017D-StMarksBaptismRcds-Feb1884-Oct1888_M_00022.tif,Y
1/11/2011,Heather Ellsworth,SAFR0017D_SAFR0017D-StMarksBaptismRcds-Feb1884-Oct1888_M_00029.tif,Y
1/11/2011,Heather Ellsworth,SAFR0017D_SAFR0017D-StMarksBaptismRcds-Feb1884-Oct1888_M_00035.tif,Y
1/11/2011,Heather Ellsworth,SAFR0017D_SAFR0017D-StMarksBaptismRcds-Feb1884-Oct1888_M_00047.tif,Y
1/11/2011,Heather Ellsworth,SAFR0017D_SAFR0017D-StMarksBaptismRcds-Feb1884-Oct1888_M_00051.tif,Y
1/11/2011,Heather Ellsworth,SAFR0017D_SAFR0017D-StMarksBaptismRcds-Feb1884-Oct1888_M_00053.tif,Y
1/11/2011,Heather Ellsworth,SAFR0017D_SAFR0017D-StMarksBaptismRcds-Feb1884-Oct1888_M_00056.tif,Y
1/11/2011,Heather Ellsworth,SAFR0017D_SAFR0017D-StMarksBaptismRcds-Feb1884-Oct1888_M_00059.tif,Y
1/11/2011,Heather Ellsworth,SAFR0017D_SAFR0017D-StMarksBaptismRcds-Feb1884-Oct1888_M_00063.tif,Y
1/11/2011,Heather Ellsworth,SAFR0017D_SAFR0017D-StMarksBaptismRcds-Feb1884-Oct1888_M_00098.tif,Y
1/11/2011,Heather Ellsworth,SAFR0017D_SAFR0017D-StMarksBaptismRcds-Feb1884-Oct1888_M_00100.tif,Y
1/11/2011,Heather Ellsworth,SAFR0017D_SAFR0017D-StMarksBaptismRcds-Feb1884-Oct1888_M_00104.tif,Y
1/11/2011,Heather Ellsworth,SAFR0017D_SAFR0017D-StMarksBaptismRcds-Feb1884-Oct1888_M_00134.tif,Y
1/11/2011,Heather Ellsworth,SAFR0017D_SAFR0017D-StMarksBaptismRcds-Feb1884-Oct1888_M_00136.tif,Y
1/11/2011,Heather Ellsworth,SAFR0017D_SAFR0017D-StMarksBaptismRcds-Feb1884-Oct1888_M_00139.tif,Y
1/11/2011,Heather Ellsworth,SAFR0017D_SAFR0017D-StMarksBaptismRcds-Feb1884-Oct1888_M_00182.tif,Y
1/11/2011,Heather Ellsworth,SAFR0017D_SAFR0017D-StMarksBaptismRcds-Feb1884-Oct1888_M_00188.tif,Y
1/11/2011,Heather Ellsworth,SAFR0017D_SAFR0017D-StMarksBaptismRcds-Feb1899-Aug1903a_M_00282.tif,Y
1/11/2011,Heather Ellsworth,SAFR0017D_SAFR0017D-StMarksBaptismRcds-Feb1899-Aug1903a_M_00293.tif,Y
1/11/2011,Heather Ellsworth,SAFR0017D_SAFR0017D-StMarksBaptismRcds-Feb1899-Aug1903a_M_00296.tif,Y
1/11/2011,Heather Ellsworth,SAFR0017D_SAFR0017D-StMarksBaptismRcds-Feb1899-Aug1903a_M_00299.tif,Y
1/11/2011,Heather Ellsworth,SAFR0017D_SAFR0017D-StMarksBaptismRcds-Feb1899-Aug1903a_M_00301.tif,Y
1/11/2011,Heather Ellsworth,SAFR0017D_SAFR0017D-StMarksBaptismRcds-Feb1899-Aug1903a_M_00308.tif,Y
1/11/2011,Heather Ellsworth,SAFR0017D_SAFR0017D-StMarksBaptismRcds-Feb1899-Aug1903a_M_00321.tif,Y
1/11/2011,Heather Ellsworth,SAFR0017D_SAFR0017D-StMarksBaptismRcds-Feb1899-Aug1903a_M_00354.tif,Y
1/11/2011,Heather Ellsworth,SAFR0017D_SAFR0017D-StMarksBaptismRcds-Feb1899-Aug1903a_M_00374.tif,Y
1/11/2011,Heather Ellsworth,SAFR0017D_SAFR0017D-StMarksBaptismRcds-Feb1899-Aug1903a_M_00381.tif,Y
1/11/2011,Heather Ellsworth,SAFR0017D_SAFR0017D-StMarksBaptismRcds-Feb1899-Aug1903a_M_00382.tif,Y
1/11/2011,Heather Ellsworth,SAFR0017D_SAFR0017D-StMarksBaptismRcds-Feb1899-Aug1903a_M_00394.tif,Y
1/11/2011,Heather Ellsworth,SAFR0017D_SAFR0017D-StMarksBaptismRcds-Feb1899-Aug1903_M_00006.tif,Y
1/11/2011,Heather Ellsworth,SAFR0017D_SAFR0017D-StMarksBaptismRcds-Feb1899-Aug1903_M_00009.tif,Y
1/11/2011,Heather Ellsworth,SAFR0017D_SAFR0017D-StMarksBaptismRcds-Feb1899-Aug1903_M_00013.tif,Y
1/11/2011,Heather Ellsworth,SAFR0017D_SAFR0017D-StMarksBaptismRcds-Feb1899-Aug1903_M_00016.tif,Y
1/11/2011,Heather Ellsworth,SAFR0017D_SAFR0017D-StMarksBaptismRcds-Feb1899-Aug1903_M_00020.tif,Y
1/11/2011,Heather Ellsworth,SAFR0017D_SAFR0017D-StMarksBaptismRcds-Feb1899-Aug1903_M_00033.tif,Y
1/11/2011,Heather Ellsworth,SAFR0017D_SAFR0017D-StMarksBaptismRcds-Feb1899-Aug1903_M_00038.tif,Y
1/11/2011,Heather Ellsworth,SAFR0017D_SAFR0017D-StMarksBaptismRcds-Feb1899-Aug1903_M_00048.tif,Y
1/11/2011,Heather Ellsworth,SAFR0017D_SAFR0017D-StMarksBaptismRcds-Feb1899-Aug1903_M_00053.tif,Y
1/11/2011,Heather Ellsworth,SAFR0017D_SAFR0017D-StMarksBaptismRcds-Feb1899-Aug1903_M_00055.tif,Y
1/11/2011,Heather Ellsworth,SAFR0017D_SAFR0017D-StMarksBaptismRcds-Feb1899-Aug1903_M_00074.tif,Y
1/11/2011,Heather Ellsworth,SAFR0017D_SAFR0017D-StMarksBaptismRcds-Feb1899-Aug1903_M_00095.tif,Y
1/11/2011,Heather Ellsworth,SAFR0017D_SAFR0017D-StMarksBaptismRcds-Feb1899-Aug1903_M_00113.tif,Y
1/11/2011,Heather Ellsworth,SAFR0017D_SAFR0017D-StMarksBaptismRcds-Feb1899-Aug1903_M_00126.tif,Y
1/11/2011,Heather Ellsworth,SAFR0017D_SAFR0017D-StMarksBaptismRcds-Feb1899-Aug1903_M_00127.tif,Y
1/11/2011,Heather Ellsworth,SAFR0017D_SAFR0017D-StMarksBaptismRcds-Feb1899-Aug1903_M_00138.tif,Y
1/11/2011,Heather Ellsworth,SAFR0017D_SAFR0017D-StMarksBaptismRcds-Feb1899-Aug1903_M_00142.tif,Y
1/11/2011,Heather Ellsworth,SAFR0017D_SAFR0017D-StMarksBaptismRcds-Feb1899-Aug1903_M_00170.tif,Y
1/11/2011,Heather Ellsworth,SAFR0017D_SAFR0017D-StMarksBaptismRcds-Feb1899-Aug1903_M_00183.tif,Y
1/11/2011,Heather Ellsworth,SAFR0017D_SAFR0017D-StMarksBaptismRcds-Feb1899-Aug1903_M_00195.tif,Y
1/11/2011,Heather Ellsworth,SAFR0017D_SAFR0017D-StMarksBaptismRcds-Feb1899-Aug1903_M_00204.tif,Y
1/11/2011,Heather Ellsworth,SAFR0017D_SAFR0017D-StMarksBaptismRcds-Feb1899-Aug1903_M_00205.tif,Y
1/11/2011,Heather Ellsworth,SAFR0017D_SAFR0017D-StMarksBaptismRcds-Feb1899-Aug1903_M_00224.tif,Y
1/11/2011,Heather Ellsworth,SAFR0017D_SAFR0017D-StMarksBaptismRcds-Feb1899-Aug1903_M_00229.tif,Y
1/11/2011,Heather Ellsworth,SAFR0017D_SAFR0017D-StMarksBaptismRcds-Feb1899-Aug1903_M_00240.tif,Y
1/11/2011,Heather Ellsworth,SAFR0017D_SAFR0017D-StMarksBaptismRcds-Feb1899-Aug1903_M_00255.tif,Y
1/11/2011,Heather Ellsworth,SAFR0017D_SAFR0017D-StMarksBaptismRcds-Feb1899-Aug1903_M_00260.tif,Y
1/11/2011,Heather Ellsworth,SAFR0017D_SAFR0017D-StMarksBaptismRcds-Feb1899-Aug1903_M_00263.tif,Y
1/11/2011,Heather Ellsworth,SAFR0017D_SAFR0017D-StMarksBaptismRcds-Jun1894-Feb1899a_M_00276.tif,Y
1/11/2011,Heather Ellsworth,SAFR0017D_SAFR0017D-StMarksBaptismRcds-Jun1894-Feb1899a_M_00283.tif,Y
1/11/2011,Heather Ellsworth,SAFR0017D_SAFR0017D-StMarksBaptismRcds-Jun1894-Feb1899a_M_00298.tif,Y
1/11/2011,Heather Ellsworth,SAFR0017D_SAFR0017D-StMarksBaptismRcds-Jun1894-Feb1899a_M_00308.tif,Y
1/11/2011,Heather Ellsworth,SAFR0017D_SAFR0017D-StMarksBaptismRcds-Jun1894-Feb1899a_M_00335.tif,Y
1/11/2011,Heather Ellsworth,SAFR0017D_SAFR0017D-StMarksBaptismRcds-Jun1894-Feb1899a_M_00349.tif,Y
1/11/2011,Heather Ellsworth,SAFR0017D_SAFR0017D-StMarksBaptismRcds-Jun1894-Feb1899a_M_00358.tif,Y
1/11/2011,Heather Ellsworth,SAFR0017D_SAFR0017D-StMarksBaptismRcds-Jun1894-Feb1899a_M_00361.tif,Y
1/11/2011,Heather Ellsworth,SAFR0017D_SAFR0017D-StMarksBaptismRcds-Jun1894-Feb1899a_M_00362.tif,Y
1/11/2011,Heather Ellsworth,SAFR0017D_SAFR0017D-StMarksBaptismRcds-Jun1894-Feb1899a_M_00377.tif,Y
1/11/2011,Heather Ellsworth,SAFR0017D_SAFR0017D-StMarksBaptismRcds-Jun1894-Feb1899a_M_00388.tif,Y
1/11/2011,Heather Ellsworth,SAFR0017D_SAFR0017D-StMarksBaptismRcds-Jun1894-Feb1899a_M_00390.tif,Y
1/11/2011,Heather Ellsworth,SAFR0017D_SAFR0017D-StMarksBaptismRcds-Jun1894-Feb1899_M_00023.tif,Y
1/11/2011,Heather Ellsworth,SAFR0017D_SAFR0017D-StMarksBaptismRcds-Jun1894-Feb1899_M_00026.tif,Y
1/11/2011,Heather Ellsworth,SAFR0017D_SAFR0017D-StMarksBaptismRcds-Jun1894-Feb1899_M_00042.tif,Y
1/11/2011,Heather Ellsworth,SAFR0017D_SAFR0017D-StMarksBaptismRcds-Jun1894-Feb1899_M_00051.tif,Y
1/11/2011,Heather Ellsworth,SAFR0017D_SAFR0017D-StMarksBaptismRcds-Jun1894-Feb1899_M_00052.tif,Y
1/11/2011,Heather Ellsworth,SAFR0017D_SAFR0017D-StMarksBaptismRcds-Jun1894-Feb1899_M_00054.tif,Y
1/11/2011,Heather Ellsworth,SAFR0017D_SAFR0017D-StMarksBaptismRcds-Jun1894-Feb1899_M_00055.tif,Y
1/11/2011,Heather Ellsworth,SAFR0017D_SAFR0017D-StMarksBaptismRcds-Jun1894-Feb1899_M_00063.tif,Y
1/11/2011,Heather Ellsworth,SAFR0017D_SAFR0017D-StMarksBaptismRcds-Jun1894-Feb1899_M_00083.tif,Y
1/11/2011,Heather Ellsworth,SAFR0017D_SAFR0017D-StMarksBaptismRcds-Jun1894-Feb1899_M_00101.tif,Y
1/11/2011,Heather Ellsworth,SAFR0017D_SAFR0017D-StMarksBaptismRcds-Jun1894-Feb1899_M_00104.tif,Y
1/11/2011,Heather Ellsworth,SAFR0017D_SAFR0017D-StMarksBaptismRcds-Jun1894-Feb1899_M_00105.tif,Y
1/11/2011,Heather Ellsworth,SAFR0017D_SAFR0017D-StMarksBaptismRcds-Jun1894-Feb1899_M_00108.tif,Y
1/11/2011,Heather Ellsworth,SAFR0017D_SAFR0017D-StMarksBaptismRcds-Jun1894-Feb1899_M_00118.tif,Y
1/11/2011,Heather Ellsworth,SAFR0017D_SAFR0017D-StMarksBaptismRcds-Jun1894-Feb1899_M_00128.tif,Y
1/11/2011,Heather Ellsworth,SAFR0017D_SAFR0017D-StMarksBaptismRcds-Jun1894-Feb1899_M_00132.tif,Y
1/11/2011,Heather Ellsworth,SAFR0017D_SAFR0017D-StMarksBaptismRcds-Jun1894-Feb1899_M_00135.tif,Y
1/11/2011,Heather Ellsworth,SAFR0017D_SAFR0017D-StMarksBaptismRcds-Jun1894-Feb1899_M_00160.tif,Y
1/11/2011,Heather Ellsworth,SAFR0017D_SAFR0017D-StMarksBaptismRcds-Jun1894-Feb1899_M_00165.tif,Y
1/11/2011,Heather Ellsworth,SAFR0017D_SAFR0017D-StMarksBaptismRcds-Jun1894-Feb1899_M_00167.tif,Y
1/11/2011,Heather Ellsworth,SAFR0017D_SAFR0017D-StMarksBaptismRcds-Jun1894-Feb1899_M_00197.tif,Y
1/11/2011,Heather Ellsworth,SAFR0017D_SAFR0017D-StMarksBaptismRcds-Jun1894-Feb1899_M_00206.tif,Y
1/11/2011,Heather Ellsworth,SAFR0017D_SAFR0017D-StMarksBaptismRcds-Jun1894-Feb1899_M_00229.tif,Y
1/11/2011,Heather Ellsworth,SAFR0017D_SAFR0017D-StMarksBaptismRcds-Jun1894-Feb1899_M_00250.tif,Y
1/11/2011,Heather Ellsworth,SAFR0017D_SAFR0017D-StMarksBaptismRcds-Jun1894-Feb1899_M_00256.tif,Y
1/11/2011,Heather Ellsworth,SAFR0017D_SAFR0017D-StMarksBaptismRcds-Jun1894-Feb1899_M_00258.tif,Y
1/11/2011,Heather Ellsworth,SAFR0017D_SAFR0017D-StMarksBaptismRcds-Jun1894-Feb1899_M_00261.tif,Y
1/11/2011,Heather Ellsworth,SAFR0017D_SAFR0017D-StMarksBaptismRcds-Jun1894-Feb1899_M_00264.tif,Y
1/11/2011,Heather Ellsworth,SAFR0017D_SAFR0017D-StMarksBaptismRcds-Oct1877-Oct1888_M_00003.tif,Y
1/11/2011,Heather Ellsworth,SAFR0017D_SAFR0017D-StMarksBaptismRcds-Oct1877-Oct1888_M_00010.tif,Y
1/11/2011,Heather Ellsworth,SAFR0017D_SAFR0017D-StMarksBaptismRcds-Oct1877-Oct1888_M_00023.tif,Y
1/11/2011,Heather Ellsworth,SAFR0017D_SAFR0017D-StMarksBaptismRcds-Oct1877-Oct1888_M_00024.tif,Y
1/11/2011,Heather Ellsworth,SAFR0017D_SAFR0017D-StMarksBaptismRcds-Oct1877-Oct1888_M_00027.tif,Y
1/11/2011,Heather Ellsworth,SAFR0017D_SAFR0017D-StMarksBaptismRcds-Oct1877-Oct1888_M_00030.tif,Y
1/11/2011,Heather Ellsworth,SAFR0017D_SAFR0017D-StMarksBaptismRcds-Oct1877-Oct1888_M_00048.tif,Y
1/11/2011,Heather Ellsworth,SAFR0017D_SAFR0017D-StMarksBaptismRcds-Oct1877-Oct1888_M_00052.tif,Y
1/11/2011,Heather Ellsworth,SAFR0017D_SAFR0017D-StMarksBaptismRcds-Oct1877-Oct1888_M_00060.tif,Y
1/11/2011,Heather Ellsworth,SAFR0017D_SAFR0017D-StMarksBaptismRcds-Oct1877-Oct1888_M_00069.tif,Y
1/11/2011,Heather Ellsworth,SAFR0017D_SAFR0017D-StMarksBaptismRcds-Oct1877-Oct1888_M_00075.tif,Y
1/11/2011,Heather Ellsworth,SAFR0017D_SAFR0017D-StMarksBaptismRcds-Oct1877-Oct1888_M_00078.tif,Y
1/11/2011,Heather Ellsworth,SAFR0017D_SAFR0017D-StMarksBaptismRcds-Oct1877-Oct1888_M_00084.tif,Y
1/11/2011,Heather Ellsworth,SAFR0017D_SAFR0017D-StMarksBaptismRcds-Oct1877-Oct1888_M_00103.tif,Y
1/11/2011,Heather Ellsworth,SAFR0017D_SAFR0017D-StMarksBaptismRcds-Oct1877-Oct1888_M_00106.tif,Y
1/11/2011,Heather Ellsworth,SAFR0017D_SAFR0017D-StMarksBaptismRcds-Oct1877-Oct1888_M_00133.tif,Y
1/11/2011,Heather Ellsworth,SAFR0017D_SAFR0017D-StMarksBaptismRcds-Oct1877-Oct1888_M_00150.tif,Y
1/11/2011,Heather Ellsworth,SAFR0017D_SAFR0017D-StMarksBaptismRcds-Oct1877-Oct1888_M_00152.tif,Y
1/11/2011,Heather Ellsworth,SAFR0017D_SAFR0017D-StMarksBaptismRcds-Oct1877-Oct1888_M_00157.tif,Y
1/11/2011,Heather Ellsworth,SAFR0017D_SAFR0017D-StMarksBaptismRcds-Oct1877-Oct1888_M_00165.tif,Y
1/11/2011,Heather Ellsworth,SAFR0017D_SAFR0017D-StMarksBaptismRcds-Oct1877-Oct1888_M_00169.tif,Y
1/11/2011,Heather Ellsworth,SAFR0017D_SAFR0017D-StMarksBaptismRcds-Oct1877-Oct1888_M_00174.tif,Y
1/11/2011,Heather Ellsworth,SAFR0017D_SAFR0017D-StMarksBaptismRcds-Oct1877-Oct1888_M_00181.tif,Y
1/11/2011,Heather Ellsworth,SAFR0017D_SAFR0017D-StMarksBaptismRcds-Oct1877-Oct1888_M_00194.tif,Y
1/11/2011,Heather Ellsworth,SAFR0017D_SAFR0017D-StMarksBaptismRcds-Oct1877-Oct1888_M_00197.tif,Y
1/11/2011,Heather Ellsworth,SAFR0017D_SAFR0017D-StMarksBaptismRcds-Oct1877-Oct1888_M_00226.tif,Y
1/11/2011,Heather Ellsworth,SAFR0017D_SAFR0017D-StMarksBaptismRcds-Oct1877-Oct1888_M_00246.tif,Y
1/11/2011,Heather Ellsworth,SAFR0017D_SAFR0017D-StMarksBaptismRcds-Oct1877-Oct1888_M_00250.tif,Y
1/11/2011,Heather Ellsworth,SAFR0017D_SAFR0017D-StMarksBaptismRcds-Oct1888-Jun1894a_M_00280.tif,Y
1/11/2011,Heather Ellsworth,SAFR0017D_SAFR0017D-StMarksBaptismRcds-Oct1888-Jun1894a_M_00295.tif,Y
1/11/2011,Heather Ellsworth,SAFR0017D_SAFR0017D-StMarksBaptismRcds-Oct1888-Jun1894a_M_00325.tif,Y
1/11/2011,Heather Ellsworth,SAFR0017D_SAFR0017D-StMarksBaptismRcds-Oct1888-Jun1894a_M_00334.tif,Y
1/11/2011,Heather Ellsworth,SAFR0017D_SAFR0017D-StMarksBaptismRcds-Oct1888-Jun1894a_M_00336.tif,Y
1/11/2011,Heather Ellsworth,SAFR0017D_SAFR0017D-StMarksBaptismRcds-Oct1888-Jun1894a_M_00341.tif,Y
1/11/2011,Heather Ellsworth,SAFR0017D_SAFR0017D-StMarksBaptismRcds-Oct1888-Jun1894a_M_00358.tif,Y
1/11/2011,Heather Ellsworth,SAFR0017D_SAFR0017D-StMarksBaptismRcds-Oct1888-Jun1894a_M_00365.tif,Y
1/11/2011,Heather Ellsworth,SAFR0017D_SAFR0017D-StMarksBaptismRcds-Oct1888-Jun1894a_M_00367.tif,Y
1/11/2011,Heather Ellsworth,SAFR0017D_SAFR0017D-StMarksBaptismRcds-Oct1888-Jun1894a_M_00369.tif,Y
1/11/2011,Heather Ellsworth,SAFR0017D_SAFR0017D-StMarksBaptismRcds-Oct1888-Jun1894a_M_00384.tif,Y
1/11/2011,Heather Ellsworth,SAFR0017D_SAFR0017D-StMarksBaptismRcds-Oct1888-Jun1894a_M_00393.tif,Y
1/11/2011,Heather Ellsworth,SAFR0017D_SAFR0017D-StMarksBaptismRcds-Oct1888-Jun1894_M_00018.tif,Y
1/11/2011,Heather Ellsworth,SAFR0017D_SAFR0017D-StMarksBaptismRcds-Oct1888-Jun1894_M_00019.tif,Y
1/11/2011,Heather Ellsworth,SAFR0017D_SAFR0017D-StMarksBaptismRcds-Oct1888-Jun1894_M_00038.tif,Y
1/11/2011,Heather Ellsworth,SAFR0017D_SAFR0017D-StMarksBaptismRcds-Oct1888-Jun1894_M_00050.tif,Y
1/11/2011,Heather Ellsworth,SAFR0017D_SAFR0017D-StMarksBaptismRcds-Oct1888-Jun1894_M_00059.tif,Y
1/11/2011,Heather Ellsworth,SAFR0017D_SAFR0017D-StMarksBaptismRcds-Oct1888-Jun1894_M_00095.tif,Y
1/11/2011,Heather Ellsworth,SAFR0017D_SAFR0017D-StMarksBaptismRcds-Oct1888-Jun1894_M_00098.tif,Y
1/11/2011,Heather Ellsworth,SAFR0017D_SAFR0017D-StMarksBaptismRcds-Oct1888-Jun1894_M_00114.tif,Y
1/11/2011,Heather Ellsworth,SAFR0017D_SAFR0017D-StMarksBaptismRcds-Oct1888-Jun1894_M_00139.tif,Y
1/11/2011,Heather Ellsworth,SAFR0017D_SAFR0017D-StMarksBaptismRcds-Oct1888-Jun1894_M_00142.tif,Y
1/11/2011,Heather Ellsworth,SAFR0017D_SAFR0017D-StMarksBaptismRcds-Oct1888-Jun1894_M_00148.tif,Y
1/11/2011,Heather Ellsworth,SAFR0017D_SAFR0017D-StMarksBaptismRcds-Oct1888-Jun1894_M_00160.tif,Y
1/11/2011,Heather Ellsworth,SAFR0017D_SAFR0017D-StMarksBaptismRcds-Oct1888-Jun1894_M_00163.tif,Y
1/11/2011,Heather Ellsworth,SAFR0017D_SAFR0017D-StMarksBaptismRcds-Oct1888-Jun1894_M_00173.tif,Y
1/11/2011,Heather Ellsworth,SAFR0017D_SAFR0017D-StMarksBaptismRcds-Oct1888-Jun1894_M_00175.tif,Y
1/11/2011,Heather Ellsworth,SAFR0017D_SAFR0017D-StMarksBaptismRcds-Oct1888-Jun1894_M_00185.tif,Y
1/11/2011,Heather Ellsworth,SAFR0017D_SAFR0017D-StMarksBaptismRcds-Oct1888-Jun1894_M_00188.tif,Y
1/11/2011,Heather Ellsworth,SAFR0017D_SAFR0017D-StMarksBaptismRcds-Oct1888-Jun1894_M_00193.tif,Y
1/11/2011,Heather Ellsworth,SAFR0017D_SAFR0017D-StMarksBaptismRcds-Oct1888-Jun1894_M_00196.tif,Y
1/11/2011,Heather Ellsworth,SAFR0017D_SAFR0017D-StMarksBaptismRcds-Oct1888-Jun1894_M_00202.tif,Y
1/11/2011,Heather Ellsworth,SAFR0017D_SAFR0017D-StMarksBaptismRcds-Oct1888-Jun1894_M_00229.tif,Y
1/11/2011,Heather Ellsworth,SAFR0017D_SAFR0017D-StMarksBaptismRcds-Oct1888-Jun1894_M_00240.tif,Y
1/11/2011,Heather Ellsworth,SAFR0017D_SAFR0017D-StMarksBaptismRcds-Oct1888-Jun1894_M_00243.tif,Y
1/11/2011,Heather Ellsworth,SAFR0017D_SAFR0017D-StMarksBaptismRcds-Oct1888-Jun1894_M_00255.tif,Y
1/11/2011,Heather Ellsworth,SAFR0017D_SAFR0017D-StMarksBaptismRcds-Oct1888-Jun1894_M_00257.tif,Y
1/11/2011,Heather Ellsworth,SAFR0017D_SAFR0017D-StMarksBaptismRcds-Oct1888-Jun1894_M_00263.tif,Y
1/11/2011,Heather Ellsworth,SAFR0017D_SAFR0017D-StMarksBaptismRcds-Oct1888-Jun1894_M_00268.tif,Y
1/11/2011,Heather Ellsworth,SAFR0017D_SAFR0017D-StMarksBaptismRcds-Oct1888-Jun1894_M_00273.tif,Y
1/31/2011,Rose of Sharon Gribble,SAFR0017D_SAFR0017D-StMarksBaptismRcds-Oct1950-Mar1957_M_00009.tif,Y
1/31/2011,Rose of Sharon Gribble,SAFR0017D_SAFR0017D-StMarksBaptismRcds-Oct1950-Mar1957_M_00044.tif,Y
1/31/2011,Rose of Sharon Gribble,SAFR0017D_SAFR0017D-StMarksBaptismRcds-Oct1950-Mar1957_M_00046.tif,Y
1/31/2011,Rose of Sharon Gribble,SAFR0017D_SAFR0017D-StMarksBaptismRcds-Oct1950-Mar1957_M_00089.tif,Y
1/31/2011,Rose of Sharon Gribble,SAFR0017D_SAFR0017D-StMarksBaptismRcds-Oct1950-Mar1957_M_00099.tif,Y
1/31/2011,Rose of Sharon Gribble,SAFR0017D_SAFR0017D-StMarksBaptismRcds-Oct1950-Mar1957_M_00121.tif,Y
1/31/2011,Rose of Sharon Gribble,SAFR0017D_SAFR0017D-StMarksBaptismRcds-Oct1950-Mar1957_M_00129.tif,Y
1/31/2011,Rose of Sharon Gribble,SAFR0017D_SAFR0017D-StMarksBaptismRcds-Oct1950-Mar1957_M_00140.tif,Y
1/31/2011,Rose of Sharon Gribble,SAFR0017D_SAFR0017D-StMarksBaptismRcds-Oct1950-Mar1957_M_00152.tif,Y
1/31/2011,Rose of Sharon Gribble,SAFR0017D_SAFR0017D-StMarksBaptismRcds-Oct1950-Mar1957_M_00155.tif,Y
1/31/2011,Rose of Sharon Gribble,SAFR0017D_SAFR0017D-StMarksBaptismRcds-Oct1950-Mar1957_M_00156.tif,Y
1/31/2011,Rose of Sharon Gribble,SAFR0017D_SAFR0017D-StMarksBaptismRcds-Oct1950-Mar1957_M_00157.tif,Y
1/31/2011,Rose of Sharon Gribble,SAFR0017D_SAFR0017D-StMarksBaptismRcds-Oct1950-Mar1957_M_00166.tif,Y
1/31/2011,Rose of Sharon Gribble,SAFR0017D_SAFR0017D-StMarksBaptismRcds-Oct1950-Mar1957_M_00194.tif,Y
1/31/2011,Rose of Sharon Gribble,SAFR0017D_SAFR0017D-StMarksBaptismRcds-Oct1950-Mar1957_M_00195.tif,Y
1/31/2011,Rose of Sharon Gribble,SAFR0017D_SAFR0017D-StMarksBaptismRcds-Oct1950-Mar1957_M_00197.tif,Y
1/31/2011,Rose of Sharon Gribble,SAFR0017D_SAFR0017D-StMarksBaptismRcds-Oct1950-Mar1957_M_00209.tif,Y
1/31/2011,Rose of Sharon Gribble,SAFR0017D_SAFR0017D-StMarksBaptismRcds-Oct1950-Mar1957_M_00213.tif,Y
1/31/2011,Rose of Sharon Gribble,SAFR0017D_SAFR0017D-StMarksBaptismRcds-Oct1950-Mar1957_M_00222.tif,Y
1/31/2011,Rose of Sharon Gribble,SAFR0017D_SAFR0017D-StMarksBaptismRcds-Oct1950-Mar1957_M_00223.tif,Y
1/31/2011,Rose of Sharon Gribble,SAFR0017D_SAFR0017D-StMarksBaptismRcds-Oct1950-Mar1957_M_00224.tif,Y
1/31/2011,Rose of Sharon Gribble,SAFR0017D_SAFR0017D-StMarksBaptismRcds-Oct1950-Mar1957_M_00228.tif,Y
1/31/2011,Rose of Sharon Gribble,SAFR0017D_SAFR0017D-StMarksBaptismRcds-Oct1950-Mar1957_M_00240.tif,Y
1/31/2011,Rose of Sharon Gribble,SAFR0017D_SAFR0017D-StMarksBaptismRcds-Oct1950-Mar1957_M_00259.tif,Y
1/31/2011,Rose of Sharon Gribble,SAFR0017D_SAFR0017D-StMarksBaptismRcds-Oct1950-Mar1957_M_00267.tif,Y
1/31/2011,Rose of Sharon Gribble,SAFR0017D_SAFR0017D-StMarksBaptismRcds-Oct1950-Mar1957_M_00283.tif,Y
1/31/2011,Rose of Sharon Gribble,SAFR0017D_SAFR0017D-StMarksBaptismRcds-Oct1950-Mar1957_M_00303.tif,Y
1/31/2011,Rose of Sharon Gribble,SAFR0017D_SAFR0017D-StMarksBaptismRcds-Oct1950-Mar1957_M_00313.tif,Y
1/31/2011,Rose of Sharon Gribble,SAFR0017D_SAFR0017D-StMarksBaptismRcds-Oct1950-Mar1957_M_00323.tif,Y
1/31/2011,Rose of Sharon Gribble,SAFR0017D_SAFR0017D-StMarksBaptismRcds-Oct1950-Mar1957_M_00365.tif,Y
1/31/2011,Rose of Sharon Gribble,SAFR0017D_SAFR0017D-StMarksBaptismRcds-Oct1950-Mar1957_M_00373.tif,Y
1/31/2011,Rose of Sharon Gribble,SAFR0017D_SAFR0017D-StMarksBaptismRcds-Oct1950-Mar1957_M_00375.tif,Y
1/31/2011,Rose of Sharon Gribble,SAFR0017D_SAFR0017D-StMarksBaptismRcds-Oct1950-Mar1957_M_00393.tif,Y
1/31/2011,Rose of Sharon Gribble,SAFR0017D_SAFR0017D-StMarksBaptismRcds-Oct1950-Mar1957a_M_00258.tif,Y
1/31/2011,Rose of Sharon Gribble,SAFR0017D_SAFR0017D-StMarksBaptismRcds-Oct1950-Mar1957a_M_00262.tif,Y
1/31/2011,Rose of Sharon Gribble,SAFR0017D_SAFR0017D-StMarksBaptismRcds-Oct1950-Mar1957a_M_00274.tif,Y
1/31/2011,Rose of Sharon Gribble,SAFR0017D_SAFR0017D-StMarksBaptismRcds-Oct1950-Mar1957a_M_00312.tif,Y
1/31/2011,Rose of Sharon Gribble,SAFR0017D_SAFR0017D-StMarksBaptismRcds-Oct1950-Mar1957a_M_00320.tif,Y
1/31/2011,Rose of Sharon Gribble,SAFR0017D_SAFR0017D-StMarksBaptismRcds-Oct1950-Mar1957a_M_00356.tif,Y
1/31/2011,Rose of Sharon Gribble,SAFR0017D_SAFR0017D-StMarksBaptismRcds-Oct1950-Mar1957a_M_00358.tif,Y
1/31/2011,Rose of Sharon Gribble,SAFR0017D_SAFR0017D-StMarksBaptismRcds-Oct1950-Mar1957a_M_00394.tif,Y
1/31/2011,Rose of Sharon Gribble,SAFR0017D_SAFR0017D-StMarksBurialRegister-Jul1977-todate_M_00000-aa.tif,Y
1/31/2011,Rose of Sharon Gribble,SAFR0017D_SAFR0017D-StMarksBurialRegister-Jul1977-todate_M_00003.tif,Y
1/31/2011,Rose of Sharon Gribble,SAFR0017D_SAFR0017D-StMarksBurialRegister-Jul1977-todate_M_00019.tif,Y
1/31/2011,Rose of Sharon Gribble,SAFR0017D_SAFR0017D-StMarksBurialRegister-Jul1977-todate_M_00033.tif,Y
1/31/2011,Rose of Sharon Gribble,SAFR0017D_SAFR0017D-StMarksMarraigeRcds--May1918-Dec1923_M_00001.tif,Y
1/31/2011,Rose of Sharon Gribble,SAFR0017D_SAFR0017D-StMarksMarraigeRcds--May1918-Dec1923_M_00002.tif,Y
1/31/2011,Rose of Sharon Gribble,SAFR0017D_SAFR0017D-StMarksMarraigeRcds--May1918-Dec1923_M_00018.tif,Y
1/31/2011,Rose of Sharon Gribble,SAFR0017D_SAFR0017D-StMarksMarraigeRcds--May1918-Dec1923_M_00021.tif,Y
1/31/2011,Rose of Sharon Gribble,SAFR0017D_SAFR0017D-StMarksMarraigeRcds--May1918-Dec1923_M_00023.tif,Y
1/31/2011,Rose of Sharon Gribble,SAFR0017D_SAFR0017D-StMarksMarraigeRcds--May1918-Dec1923_M_00026.tif,Y
1/31/2011,Rose of Sharon Gribble,SAFR0017D_SAFR0017D-StMarksMarraigeRcds--May1918-Dec1923_M_00033.tif,Y
1/31/2011,Rose of Sharon Gribble,SAFR0017D_SAFR0017D-StMarksMarraigeRcds--May1918-Dec1923_M_00041.tif,Y
1/31/2011,Rose of Sharon Gribble,SAFR0017D_SAFR0017D-StMarksMarraigeRcds--May1918-Dec1923_M_00052.tif,Y
1/31/2011,Rose of Sharon Gribble,SAFR0017D_SAFR0017D-StMarksMarraigeRcds--May1918-Dec1923_M_00056.tif,Y
1/31/2011,Rose of Sharon Gribble,SAFR0017D_SAFR0017D-StMarksMarraigeRcds--May1918-Dec1923_M_00062.tif,Y
1/31/2011,Rose of Sharon Gribble,SAFR0017D_SAFR0017D-StMarksMarraigeRcds--May1918-Dec1923_M_00073.tif,Y
1/31/2011,Rose of Sharon Gribble,SAFR0017D_SAFR0017D-StMarksMarraigeRcds--May1918-Dec1923_M_00096.tif,Y
1/31/2011,Rose of Sharon Gribble,SAFR0017D_SAFR0017D-StMarksMarraigeRcds--May1918-Dec1923_M_00118.tif,Y
1/31/2011,Rose of Sharon Gribble,SAFR0017D_SAFR0017D-StMarksMarraigeRcds--May1918-Dec1923_M_00137.tif,Y
1/31/2011,Rose of Sharon Gribble,SAFR0017D_SAFR0017D-StMarksMarraigeRcds--May1918-Dec1923_M_00139.tif,Y
1/31/2011,Rose of Sharon Gribble,SAFR0017D_SAFR0017D-StMarksMarraigeRcds--May1918-Dec1923_M_00141.tif,Y
1/31/2011,Rose of Sharon Gribble,SAFR0017D_SAFR0017D-StMarksMarraigeRcds--May1918-Dec1923_M_00151.tif,Y
1/31/2011,Rose of Sharon Gribble,SAFR0017D_SAFR0017D-StMarksMarraigeRcds--May1918-Dec1923_M_00180.tif,Y
1/31/2011,Rose of Sharon Gribble,SAFR0017D_SAFR0017D-StMarksMarraigeRcds-1924-Only_M_00000-ab.tif,Y
1/31/2011,Rose of Sharon Gribble,SAFR0017D_SAFR0017D-StMarksMarraigeRcds-1924-Only_M_00002.tif,Y
1/31/2011,Rose of Sharon Gribble,SAFR0017D_SAFR0017D-StMarksMarraigeRcds-1924-Only_M_00023.tif,Y
1/31/2011,Rose of Sharon Gribble,SAFR0017D_SAFR0017D-StMarksMarraigeRcds-1924-Only_M_00040.tif,Y
1/31/2011,Rose of Sharon Gribble,SAFR0017D_SAFR0017D-StMarksMarraigeRcds-1924-Only_M_00041.tif,Y
1/31/2011,Rose of Sharon Gribble,SAFR0017D_SAFR0017D-StMarksMarraigeRcds-1924-Only_M_00049.tif,Y
1/31/2011,Rose of Sharon Gribble,SAFR0017D_SAFR0017D-StMarksMarraigeRcds-Aug1904-May1918_M_00000-aa.tif,Y
1/31/2011,Rose of Sharon Gribble,SAFR0017D_SAFR0017D-StMarksMarraigeRcds-Aug1904-May1918_M_00004.tif,Y
1/31/2011,Rose of Sharon Gribble,SAFR0017D_SAFR0017D-StMarksMarraigeRcds-Aug1904-May1918_M_00039.tif,Y
1/31/2011,Rose of Sharon Gribble,SAFR0017D_SAFR0017D-StMarksMarraigeRcds-Aug1904-May1918_M_00069.tif,Y
1/31/2011,Rose of Sharon Gribble,SAFR0017D_SAFR0017D-StMarksMarraigeRcds-Aug1904-May1918_M_00072.tif,Y
1/31/2011,Rose of Sharon Gribble,SAFR0017D_SAFR0017D-StMarksMarraigeRcds-Aug1904-May1918_M_00075.tif,Y
1/31/2011,Rose of Sharon Gribble,SAFR0017D_SAFR0017D-StMarksMarraigeRcds-Aug1904-May1918_M_00084.tif,Y
1/31/2011,Rose of Sharon Gribble,SAFR0017D_SAFR0017D-StMarksMarraigeRcds-Aug1904-May1918_M_00096.tif,Y
1/31/2011,Rose of Sharon Gribble,SAFR0017D_SAFR0017D-StMarksMarraigeRcds-Aug1904-May1918_M_00109.tif,Y
1/31/2011,Rose of Sharon Gribble,SAFR0017D_SAFR0017D-StMarksMarraigeRcds-Aug1904-May1918_M_00115.tif,Y
1/31/2011,Rose of Sharon Gribble,SAFR0017D_SAFR0017D-StMarksMarraigeRcds-Aug1904-May1918_M_00116.tif,Y
1/31/2011,Rose of Sharon Gribble,SAFR0017D_SAFR0017D-StMarksMarraigeRcds-Aug1904-May1918_M_00124.tif,Y
1/31/2011,Rose of Sharon Gribble,SAFR0017D_SAFR0017D-StMarksMarraigeRcds-Aug1904-May1918_M_00141.tif,Y
1/31/2011,Rose of Sharon Gribble,SAFR0017D_SAFR0017D-StMarksMarraigeRcds-Aug1904-May1918_M_00159.tif,Y
1/31/2011,Rose of Sharon Gribble,SAFR0017D_SAFR0017D-StMarksMarraigeRcds-Aug1904-May1918_M_00171.tif,Y
1/31/2011,Rose of Sharon Gribble,SAFR0017D_SAFR0017D-StMarksMarraigeRcds-Aug1904-May1918_M_00195.tif,Y
1/31/2011,Rose of Sharon Gribble,SAFR0017D_SAFR0017D-StMarksMarraigeRcds-Aug1904-May1918_M_00201.tif,Y
1/31/2011,Rose of Sharon Gribble,SAFR0017D_SAFR0017D-StMarksMarraigeRcds-Aug1904-May1918_M_00229.tif,Y
1/31/2011,Rose of Sharon Gribble,SAFR0017D_SAFR0017D-StMarksMarraigeRcds-Aug1904-May1918_M_00237.tif,Y
1/31/2011,Rose of Sharon Gribble,SAFR0017D_SAFR0017D-StMarksMarraigeRcds-Aug1904-May1918_M_00275.tif,Y
1/31/2011,Rose of Sharon Gribble,SAFR0017D_SAFR0017D-StMarksMarraigeRcds-Aug1904-May1918_M_00331.tif,Y
1/31/2011,Rose of Sharon Gribble,SAFR0017D_SAFR0017D-StMarksMarraigeRcds-Aug1904-May1918_M_00343.tif,Y
1/31/2011,Rose of Sharon Gribble,SAFR0017D_SAFR0017D-StMarksMarraigeRcds-Aug1904-May1918_M_00345.tif,Y
1/31/2011,Rose of Sharon Gribble,SAFR0017D_SAFR0017D-StMarksMarraigeRcds-Aug1904-May1918_M_00365.tif,Y
1/31/2011,Rose of Sharon Gribble,SAFR0017D_SAFR0017D-StMarksMarraigeRcds-Aug1904-May1918_M_00367.tif,Y
1/31/2011,Rose of Sharon Gribble,SAFR0017D_SAFR0017D-StMarksMarraigeRcds-Aug1904-May1918_M_00377.tif,Y
1/31/2011,Rose of Sharon Gribble,SAFR0017D_SAFR0017D-StMarksMarraigeRcds-Aug1904-May1918_M_00381.tif,Y
1/31/2011,Rose of Sharon Gribble,SAFR0017D_SAFR0017D-StMarksMarraigeRcds-Aug1904-May1918_M_00383.tif,Y
1/31/2011,Rose of Sharon Gribble,SAFR0017D_SAFR0017D-StMarksMarraigeRcds-Aug1904-May1918a_M_00164.tif,Y
1/31/2011,Rose of Sharon Gribble,SAFR0017D_SAFR0017D-StMarksMarraigeRcds-Aug1904-May1918a_M_00176.tif,Y
1/31/2011,Rose of Sharon Gribble,SAFR0017D_SAFR0017D-StMarksMarraigeRcds-Aug1904-May1918a_M_00248.tif,Y
1/31/2011,Rose of Sharon Gribble,SAFR0017D_SAFR0017D-StMarksMarraigeRcds-Aug1904-May1918a_M_00292.tif,Y
1/31/2011,Rose of Sharon Gribble,SAFR0017D_SAFR0017D-StMarksMarraigeRcds-Aug1904-May1918a_M_00294.tif,Y
1/31/2011,Rose of Sharon Gribble,SAFR0017D_SAFR0017D-StMarksMarraigeRcds-Aug1904-May1918a_M_00328.tif,Y
1/31/2011,Rose of Sharon Gribble,SAFR0017D_SAFR0017D-StMarksMarraigeRcds-Aug1904-May1918a_M_00332.tif,Y
1/31/2011,Rose of Sharon Gribble,SAFR0017D_SAFR0017D-StMarksMarraigeRcds-Aug1904-May1918a_M_00358.tif,Y
1/31/2011,Rose of Sharon Gribble,SAFR0017D_SAFR0017D-StMarksMarraigeRcds-Aug1904-May1918a_M_00360.tif,Y
1/31/2011,Rose of Sharon Gribble,SAFR0017D_SAFR0017D-StMarksMarraigeRcds-Aug1904-May1918a_M_00366.tif,Y
1/31/2011,Rose of Sharon Gribble,SAFR0017D_SAFR0017D-StMarksMarraigeRcds-Aug1904-May1918a_M_00378.tif,Y
1/31/2011,Rose of Sharon Gribble,SAFR0017D_SAFR0017D-StMarksMarraigeRcds-Aug1904-May1918a_M_00390.tif,Y
1/31/2011,Rose of Sharon Gribble,SAFR0017D_SAFR0017D-StMarksMarraigeRcds-Aug1904-May1918a_M_00392.tif,Y
1/31/2011,Rose of Sharon Gribble,SAFR0017D_SAFR0017D-StMarksMarraigeRcds-Aug1929-May1934_M_00000-aa.tif,Y
1/31/2011,Rose of Sharon Gribble,SAFR0017D_SAFR0017D-StMarksMarraigeRcds-Aug1929-May1934_M_00004.tif,Y
1/31/2011,Rose of Sharon Gribble,SAFR0017D_SAFR0017D-StMarksMarraigeRcds-Aug1929-May1934_M_00037.tif,Y
1/31/2011,Rose of Sharon Gribble,SAFR0017D_SAFR0017D-StMarksMarraigeRcds-Aug1929-May1934_M_00040.tif,Y
1/31/2011,Rose of Sharon Gribble,SAFR0017D_SAFR0017D-StMarksMarraigeRcds-Aug1929-May1934_M_00068.tif,Y
1/31/2011,Rose of Sharon Gribble,SAFR0017D_SAFR0017D-StMarksMarraigeRcds-Aug1929-May1934_M_00077.tif,Y
1/31/2011,Rose of Sharon Gribble,SAFR0017D_SAFR0017D-StMarksMarraigeRcds-Aug1929-May1934_M_00081.tif,Y
1/31/2011,Rose of Sharon Gribble,SAFR0017D_SAFR0017D-StMarksMarraigeRcds-Aug1929-May1934_M_00087.tif,Y
1/31/2011,Rose of Sharon Gribble,SAFR0017D_SAFR0017D-StMarksMarraigeRcds-Aug1929-May1934_M_00090-aa.tif,Y
1/31/2011,Rose of Sharon Gribble,SAFR0017D_SAFR0017D-StMarksMarraigeRcds-Aug1929-May1934_M_00093.tif,Y
1/31/2011,Rose of Sharon Gribble,SAFR0017D_SAFR0017D-StMarksMarraigeRcds-Aug1929-May1934_M_00112.tif,Y
1/31/2011,Rose of Sharon Gribble,SAFR0017D_SAFR0017D-StMarksMarraigeRcds-Aug1929-May1934_M_00141.tif,Y
1/31/2011,Rose of Sharon Gribble,SAFR0017D_SAFR0017D-StMarksMarraigeRcds-Aug1929-May1934_M_00142.tif,Y
1/31/2011,Rose of Sharon Gribble,SAFR0017D_SAFR0017D-StMarksMarraigeRcds-Aug1929-May1934_M_00158.tif,Y
1/31/2011,Rose of Sharon Gribble,SAFR0017D_SAFR0017D-StMarksMarraigeRcds-Aug1929-May1934_M_00169.tif,Y
1/31/2011,Rose of Sharon Gribble,SAFR0017D_SAFR0017D-StMarksMarraigeRcds-Aug1929-May1934_M_00173.tif,Y
1/31/2011,Rose of Sharon Gribble,SAFR0017D_SAFR0017D-StMarksMarraigeRcds-Aug1929-May1934_M_00185.tif,Y
1/31/2011,Rose of Sharon Gribble,SAFR0017D_SAFR0017D-StMarksMarraigeRcds-Aug1929-May1934_M_00190.tif,Y
1/31/2011,Rose of Sharon Gribble,SAFR0017D_SAFR0017D-StMarksMarraigeRcds-Aug1929-May1934_M_00199.tif,Y
1/31/2011,Rose of Sharon Gribble,SAFR0017D_SAFR0017D-StMarksMarraigeRcds-Aug1929-May1934_M_00214.tif,Y
1/31/2011,Rose of Sharon Gribble,SAFR0017D_SAFR0017D-StMarksMarraigeRcds-Aug1929-May1934_M_00218.tif,Y
1/31/2011,Rose of Sharon Gribble,SAFR0017D_SAFR0017D-StMarksMarraigeRcds-Aug1929-May1934_M_00225.tif,Y
1/31/2011,Rose of Sharon Gribble,SAFR0017D_SAFR0017D-StMarksMarraigeRcds-Aug1929-May1934_M_00229.tif,Y
1/31/2011,Rose of Sharon Gribble,SAFR0017D_SAFR0017D-StMarksMarraigeRcds-Aug1929-May1934_M_00232.tif,Y
1/31/2011,Rose of Sharon Gribble,SAFR0017D_SAFR0017D-StMarksMarraigeRcds-Aug1929-May1934_M_00237.tif,Y
1/31/2011,Rose of Sharon Gribble,SAFR0017D_SAFR0017D-StMarksMarraigeRcds-Aug1929-May1934_M_00240-aa.tif,Y
1/31/2011,Rose of Sharon Gribble,SAFR0017D_SAFR0017D-StMarksMarraigeRcds-Aug1929-May1934_M_00241.tif,Y
1/31/2011,Rose of Sharon Gribble,SAFR0017D_SAFR0017D-StMarksMarraigeRcds-Aug1929-May1934_M_00246.tif,Y
1/31/2011,Rose of Sharon Gribble,SAFR0017D_SAFR0017D-StMarksMarraigeRcds-Aug1929-May1934_M_00256.tif,Y
1/31/2011,Rose of Sharon Gribble,SAFR0017D_SAFR0017D-StMarksMarraigeRcds-Aug1929-May1934_M_00261.tif,Y
1/31/2011,Rose of Sharon Gribble,SAFR0017D_SAFR0017D-StMarksMarraigeRcds-Aug1929-May1934_M_00274.tif,Y
1/31/2011,Rose of Sharon Gribble,SAFR0017D_SAFR0017D-StMarksMarraigeRcds-Dec1885-Sep1894_M_00001-aa.tif,Y
1/31/2011,Rose of Sharon Gribble,SAFR0017D_SAFR0017D-StMarksMarraigeRcds-Dec1885-Sep1894_M_00007.tif,Y
1/31/2011,Rose of Sharon Gribble,SAFR0017D_SAFR0017D-StMarksMarraigeRcds-Dec1885-Sep1894_M_00019.tif,Y
1/31/2011,Rose of Sharon Gribble,SAFR0017D_SAFR0017D-StMarksMarraigeRcds-Dec1885-Sep1894_M_00031.tif,Y
1/31/2011,Rose of Sharon Gribble,SAFR0017D_SAFR0017D-StMarksMarraigeRcds-Dec1885-Sep1894_M_00035.tif,Y
1/31/2011,Rose of Sharon Gribble,SAFR0017D_SAFR0017D-StMarksMarraigeRcds-Dec1885-Sep1894_M_00048.tif,Y
1/31/2011,Rose of Sharon Gribble,SAFR0017D_SAFR0017D-StMarksMarraigeRcds-Dec1885-Sep1894_M_00059.tif,Y
1/31/2011,Rose of Sharon Gribble,SAFR0017D_SAFR0017D-StMarksMarraigeRcds-Dec1885-Sep1894_M_00067.tif,Y
1/31/2011,Rose of Sharon Gribble,SAFR0017D_SAFR0017D-StMarksMarraigeRcds-Dec1885-Sep1894_M_00071.tif,Y
1/31/2011,Rose of Sharon Gribble,SAFR0017D_SAFR0017D-StMarksMarraigeRcds-Dec1885-Sep1894_M_00074.tif,Y
1/31/2011,Rose of Sharon Gribble,SAFR0017D_SAFR0017D-StMarksMarraigeRcds-Dec1885-Sep1894_M_00091.tif,Y
1/31/2011,Rose of Sharon Gribble,SAFR0017D_SAFR0017D-StMarksMarraigeRcds-Dec1885-Sep1894_M_00095.tif,Y
1/31/2011,Rose of Sharon Gribble,SAFR0017D_SAFR0017D-StMarksMarraigeRcds-Dec1885-Sep1894_M_00098.tif,Y
1/31/2011,Rose of Sharon Gribble,SAFR0017D_SAFR0017D-StMarksMarraigeRcds-Dec1885-Sep1894_M_00107.tif,Y
1/31/2011,Rose of Sharon Gribble,SAFR0017D_SAFR0017D-StMarksMarraigeRcds-Dec1885-Sep1894_M_00112.tif,Y
1/31/2011,Rose of Sharon Gribble,SAFR0017D_SAFR0017D-StMarksMarraigeRcds-Dec1885-Sep1894_M_00115.tif,Y
1/31/2011,Rose of Sharon Gribble,SAFR0017D_SAFR0017D-StMarksMarraigeRcds-Dec1885-Sep1894_M_00134.tif,Y
1/31/2011,Rose of Sharon Gribble,SAFR0017D_SAFR0017D-StMarksMarraigeRcds-Dec1885-Sep1894_M_00138.tif,Y
1/31/2011,Rose of Sharon Gribble,SAFR0017D_SAFR0017D-StMarksMarraigeRcds-Dec1885-Sep1894_M_00184.tif,Y
1/31/2011,Rose of Sharon Gribble,SAFR0017D_SAFR0017D-StMarksMarraigeRcds-Dec1885-Sep1894_M_00189.tif,Y
1/31/2011,Rose of Sharon Gribble,SAFR0017D_SAFR0017D-StMarksMarraigeRcds-Dec1885-Sep1894_M_00196.tif,Y
1/31/2011,Rose of Sharon Gribble,SAFR0017D_SAFR0017D-StMarksMarraigeRcds-Jun1924-Jun1925_M_00000.tif,Y
1/31/2011,Rose of Sharon Gribble,SAFR0017D_SAFR0017D-StMarksMarraigeRcds-Jun1924-Jun1925_M_00001.tif,Y
1/31/2011,Rose of Sharon Gribble,SAFR0017D_SAFR0017D-StMarksMarraigeRcds-Jun1924-Jun1925_M_00014.tif,Y
1/31/2011,Rose of Sharon Gribble,SAFR0017D_SAFR0017D-StMarksMarraigeRcds-Jun1924-Jun1925_M_00041.tif,Y
1/31/2011,Rose of Sharon Gribble,SAFR0017D_SAFR0017D-StMarksMarraigeRcds-Jun1924-Jun1925_M_00047.tif,Y
1/31/2011,Rose of Sharon Gribble,SAFR0017D_SAFR0017D-StMarksMarraigeRcds-Jun1924-Jun1925_M_00048.tif,Y
1/31/2011,Rose of Sharon Gribble,SAFR0017D_SAFR0017D-StMarksMarraigeRcds-Jun1924-Jun1925_M_00050.tif,Y
1/31/2011,Rose of Sharon Gribble,SAFR0017D_SAFR0017D-StMarksMarraigeRcds-Jun1924-Jun1925_M_00064.tif,Y
1/31/2011,Rose of Sharon Gribble,SAFR0017D_SAFR0017D-StMarksMarraigeRcds-Jun1924-Jun1925_M_00070.tif,Y
1/31/2011,Rose of Sharon Gribble,SAFR0017D_SAFR0017D-StMarksMarraigeRcds-Jun1924-Jun1925_M_00076.tif,Y
1/21/2011,Raymond Campbell,SAFR0017D_SAFR0017D-StMarksBaptismRcds-1849-Feb1921-Oct1923_M_00077.tif,Y
1/21/2011,Raymond Campbell,SAFR0017D_SAFR0017D-StMarksBaptismRcds-1849-Feb1921-Oct1923_M_00128.tif,Y
1/21/2011,Raymond Campbell,SAFR0017D_SAFR0017D-StMarksBaptismRcds-Aug1903-Feb1909a_M_00355.tif,Y
1/21/2011,Raymond Campbell,SAFR0017D_SAFR0017D-StMarksBaptismRcds-Aug1903-Feb1909_M_00054.tif,Y
1/21/2011,Raymond Campbell,SAFR0017D_SAFR0017D-StMarksBaptismRcds-Aug1903-Feb1909_M_00160.tif,Y
1/21/2011,Raymond Campbell,SAFR0017D_SAFR0017D-StMarksBaptismRcds-Aug1903-Feb1909_M_00245.tif,Y
1/21/2011,Raymond Campbell,SAFR0017D_SAFR0017D-StMarksBaptismRcds-Feb1909-May1915a_M_00364.tif,Y
1/21/2011,Raymond Campbell,SAFR0017D_SAFR0017D-StMarksBaptismRcds-Feb1909-May1915_M_00066.tif,Y
1/21/2011,Raymond Campbell,SAFR0017D_SAFR0017D-StMarksBaptismRcds-Feb1909-May1915_M_00205.tif,Y
1/21/2011,Raymond Campbell,SAFR0017D_SAFR0017D-StMarksBaptismRcds-Feb1921-Mar1926a_M_00336.tif,Y
1/21/2011,Raymond Campbell,SAFR0017D_SAFR0017D-StMarksBaptismRcds-Feb1921-Mar1926a_M_00387.tif,Y
1/21/2011,Raymond Campbell,SAFR0017D_SAFR0017D-StMarksBaptismRcds-Feb1921-Mar1926_M_00258.tif,Y
1/21/2011,Raymond Campbell,SAFR0017D_SAFR0017D-StMarksBaptismRcds-Jan1931-Jan1936a_M_00256.tif,Y
1/21/2011,Raymond Campbell,SAFR0017D_SAFR0017D-StMarksBaptismRcds-Jan1931-Jan1936_M_00019.tif,Y
1/21/2011,Raymond Campbell,SAFR0017D_SAFR0017D-StMarksBaptismRcds-Jan1931-Jan1936_M_00349.tif,Y
1/21/2011,Raymond Campbell,SAFR0017D_SAFR0017D-StMarksBaptismRcds-Mar1926-Dec1930a_M_00282.tif,Y
1/21/2011,Raymond Campbell,SAFR0017D_SAFR0017D-StMarksBaptismRcds-Mar1926-Dec1930a_M_00380.tif,Y
1/21/2011,Raymond Campbell,SAFR0017D_SAFR0017D-StMarksBaptismRcds-Mar1926-Dec1930_M_00092.tif,Y
1/21/2011,Raymond Campbell,SAFR0017D_SAFR0017D-StMarksBaptismRcds-Mar1926-Dec1930_M_00159.tif,Y
1/21/2011,Raymond Campbell,SAFR0017D_SAFR0017D-StMarksBaptismRcds-Mar1926-Dec1930_M_00217.tif,Y
1/21/2011,Raymond Campbell,SAFR0017D_SAFR0017D-StMarksBaptismRcds-Mar1926-Dec1930_M_00347.tif,Y
1/21/2011,Raymond Campbell,SAFR0017D_SAFR0017D-StMarksBaptismRcds-May1915-Feb1921a_M_00395.tif,Y
1/21/2011,Raymond Campbell,SAFR0017D_SAFR0017D-StMarksBaptismRcds-May1915-Feb1921_M_00039-aa.tif,Y
1/21/2011,Raymond Campbell,SAFR0017D_SAFR0017D-StMarksBaptismRcds-May1915-Feb1921_M_00118.tif,Y
1/21/2011,Raymond Campbell,SAFR0017D_SAFR0017D-StMarksBaptismRcds-May1915-Feb1921_M_00144.tif,Y
1/21/2011,Raymond Campbell,SAFR0017D_SAFR0017D-StMarksBaptismRcds-May1915-Feb1921_M_00203.tif,Y
1/21/2011,Raymond Campbell,SAFR0017D_SAFR0017D-StMarksBaptismRcds-May1915-Feb1921_M_00221.tif,Y
1/21/2011,Raymond Campbell,SAFR0017D_SAFR0017D-StMarksBaptismRcds-Oct1923-Mar1926_M_00132.tif,Y
1/21/2011,Raymond Campbell,SAFR0017D_SAFR0017D-StMarksBaptismRcds-Oct1923-Mar1926_M_00160.tif,Y
1/31/2011,Rose of Sharon Gribble,SAFR0017D_SAFR0017D-StMarksMarraigeRcds-Jun1925-Jul1929_M_00023.tif,Y
1/31/2011,Rose of Sharon Gribble,SAFR0017D_SAFR0017D-StMarksMarraigeRcds-Jun1925-Jul1929_M_00027.tif,Y
1/31/2011,Rose of Sharon Gribble,SAFR0017D_SAFR0017D-StMarksMarraigeRcds-Jun1925-Jul1929_M_00051.tif,Y
1/31/2011,Rose of Sharon Gribble,SAFR0017D_SAFR0017D-StMarksMarraigeRcds-Jun1925-Jul1929_M_00063.tif,Y
1/31/2011,Rose of Sharon Gribble,SAFR0017D_SAFR0017D-StMarksMarraigeRcds-Jun1925-Jul1929_M_00065.tif,Y
1/31/2011,Rose of Sharon Gribble,SAFR0017D_SAFR0017D-StMarksMarraigeRcds-Jun1925-Jul1929_M_00066.tif,Y
1/31/2011,Rose of Sharon Gribble,SAFR0017D_SAFR0017D-StMarksMarraigeRcds-Jun1925-Jul1929_M_00078.tif,Y
1/31/2011,Rose of Sharon Gribble,SAFR0017D_SAFR0017D-StMarksMarraigeRcds-Jun1925-Jul1929_M_00089.tif,Y
1/31/2011,Rose of Sharon Gribble,SAFR0017D_SAFR0017D-StMarksMarraigeRcds-Jun1925-Jul1929_M_00090.tif,Y
1/31/2011,Rose of Sharon Gribble,SAFR0017D_SAFR0017D-StMarksMarraigeRcds-Jun1925-Jul1929_M_00093.tif,Y
1/31/2011,Rose of Sharon Gribble,SAFR0017D_SAFR0017D-StMarksMarraigeRcds-Jun1925-Jul1929_M_00101.tif,Y
1/31/2011,Rose of Sharon Gribble,SAFR0017D_SAFR0017D-StMarksMarraigeRcds-Jun1925-Jul1929_M_00143.tif,Y
1/31/2011,Rose of Sharon Gribble,SAFR0017D_SAFR0017D-StMarksMarraigeRcds-Jun1925-Jul1929_M_00166.tif,Y
1/31/2011,Rose of Sharon Gribble,SAFR0017D_SAFR0017D-StMarksMarraigeRcds-Jun1925-Jul1929_M_00169.tif,Y
1/31/2011,Rose of Sharon Gribble,SAFR0017D_SAFR0017D-StMarksMarraigeRcds-Jun1925-Jul1929_M_00178.tif,Y
1/31/2011,Rose of Sharon Gribble,SAFR0017D_SAFR0017D-StMarksMarraigeRcds-Jun1925-Jul1929_M_00180.tif,Y
1/31/2011,Rose of Sharon Gribble,SAFR0017D_SAFR0017D-StMarksMarraigeRcds-Jun1925-Jul1929_M_00192.tif,Y
1/31/2011,Rose of Sharon Gribble,SAFR0017D_SAFR0017D-StMarksMarraigeRcds-Jun1925-Jul1929_M_00199.tif,Y
1/31/2011,Rose of Sharon Gribble,SAFR0017D_SAFR0017D-StMarksMarraigeRcds-Jun1925-Jul1929_M_00202.tif,Y
1/31/2011,Rose of Sharon Gribble,SAFR0017D_SAFR0017D-StMarksMarraigeRcds-Jun1925-Jul1929_M_00204.tif,Y
1/31/2011,Rose of Sharon Gribble,SAFR0017D_SAFR0017D-StMarksMarraigeRcds-Jun1925-Jul1929_M_00222.tif,Y
1/31/2011,Rose of Sharon Gribble,SAFR0017D_SAFR0017D-StMarksMarraigeRcds-Jun1925-Jul1929_M_00227.tif,Y
1/31/2011,Rose of Sharon Gribble,SAFR0017D_SAFR0017D-StMarksMarraigeRcds-Jun1925-Jul1929_M_00230.tif,Y
1/31/2011,Rose of Sharon Gribble,SAFR0017D_SAFR0017D-StMarksMarraigeRcds-Jun1925-Jul1929_M_00234.tif,Y
1/31/2011,Rose of Sharon Gribble,SAFR0017D_SAFR0017D-StMarksMarraigeRcds-Jun1925-Jul1929_M_00235.tif,Y
1/31/2011,Rose of Sharon Gribble,SAFR0017D_SAFR0017D-StMarksMarraigeRcds-Jun1925-Jul1929_M_00240.tif,Y
1/31/2011,Rose of Sharon Gribble,SAFR0017D_SAFR0017D-StMarksMarraigeRcds-Jun1925-Jul1929_M_00260.tif,Y
1/31/2011,Rose of Sharon Gribble,SAFR0017D_SAFR0017D-StMarksMarraigeRcds-Jun1925-Jul1929_M_00268.tif,Y
1/31/2011,Rose of Sharon Gribble,SAFR0017D_SAFR0017D-StMarksMarraigeRcds-Jun1925-Jul1929_M_00270.tif,Y
1/31/2011,Rose of Sharon Gribble,SAFR0017D_SAFR0017D-StMarksMarraigeRcds-Jun1925-Jul1929_M_00276.tif,Y
1/31/2011,Rose of Sharon Gribble,SAFR0017D_SAFR0017D-StMarksMarraigeRcds-Jun1925-Jul1929_M_00293.tif,Y
1/31/2011,Rose of Sharon Gribble,SAFR0017D_SAFR0017D-StMarksMarraigeRcds-Jun1925-Jul1929_M_00294.tif,Y
1/31/2011,Rose of Sharon Gribble,SAFR0017D_SAFR0017D-StMarksMarraigeRcds-Oct1894-Aug1904_M_00010.tif,Y
1/31/2011,Rose of Sharon Gribble,SAFR0017D_SAFR0017D-StMarksMarraigeRcds-Oct1894-Aug1904_M_00046.tif,Y
1/31/2011,Rose of Sharon Gribble,SAFR0017D_SAFR0017D-StMarksMarraigeRcds-Oct1894-Aug1904_M_00056.tif,Y
1/31/2011,Rose of Sharon Gribble,SAFR0017D_SAFR0017D-StMarksMarraigeRcds-Oct1894-Aug1904_M_00061.tif,Y
1/31/2011,Rose of Sharon Gribble,SAFR0017D_SAFR0017D-StMarksMarraigeRcds-Oct1894-Aug1904_M_00063.tif,Y
1/31/2011,Rose of Sharon Gribble,SAFR0017D_SAFR0017D-StMarksMarraigeRcds-Oct1894-Aug1904_M_00070.tif,Y
1/31/2011,Rose of Sharon Gribble,SAFR0017D_SAFR0017D-StMarksMarraigeRcds-Oct1894-Aug1904_M_00071.tif,Y
1/31/2011,Rose of Sharon Gribble,SAFR0017D_SAFR0017D-StMarksMarraigeRcds-Oct1894-Aug1904_M_00083.tif,Y
1/31/2011,Rose of Sharon Gribble,SAFR0017D_SAFR0017D-StMarksMarraigeRcds-Oct1894-Aug1904_M_00102.tif,Y
1/31/2011,Rose of Sharon Gribble,SAFR0017D_SAFR0017D-StMarksMarraigeRcds-Oct1894-Aug1904_M_00111.tif,Y
1/31/2011,Rose of Sharon Gribble,SAFR0017D_SAFR0017D-StMarksMarraigeRcds-Oct1894-Aug1904_M_00116.tif,Y
1/31/2011,Rose of Sharon Gribble,SAFR0017D_SAFR0017D-StMarksMarraigeRcds-Oct1894-Aug1904_M_00121.tif,Y
1/31/2011,Rose of Sharon Gribble,SAFR0017D_SAFR0017D-StMarksMarraigeRcds-Oct1894-Aug1904_M_00124.tif,Y
1/31/2011,Rose of Sharon Gribble,SAFR0017D_SAFR0017D-StMarksMarraigeRcds-Oct1894-Aug1904_M_00132.tif,Y
1/31/2011,Rose of Sharon Gribble,SAFR0017D_SAFR0017D-StMarksMarraigeRcds-Oct1894-Aug1904_M_00139.tif,Y
1/31/2011,Rose of Sharon Gribble,SAFR0017D_SAFR0017D-StMarksMarraigeRcds-Oct1894-Aug1904_M_00148.tif,Y
1/31/2011,Rose of Sharon Gribble,SAFR0017D_SAFR0017D-StMarksMarraigeRcds-Oct1894-Aug1904_M_00158.tif,Y
1/31/2011,Rose of Sharon Gribble,SAFR0017D_SAFR0017D-StMarksMarraigeRcds-Oct1894-Aug1904_M_00161.tif,Y
1/31/2011,Rose of Sharon Gribble,SAFR0017D_SAFR0017D-StMarksMarraigeRcds-Oct1894-Aug1904_M_00185.tif,Y
1/31/2011,Rose of Sharon Gribble,SAFR0017D_SAFR0017D-StMarksMarraigeRcds-Oct1894-Aug1904_M_00205.tif,Y
1/31/2011,Rose of Sharon Gribble,SAFR0017D_SAFR0017D-StMarksMarraigeRcds-Oct1894-Aug1904_M_00213.tif,Y
1/31/2011,Rose of Sharon Gribble,SAFR0017D_SAFR0017D-StMarksMarraigeRcds-Oct1894-Aug1904_M_00227.tif,Y
1/31/2011,Rose of Sharon Gribble,SAFR0017D_SAFR0017D-StMarksMarraigeRcds-Oct1894-Aug1904_M_00233.tif,Y
1/31/2011,Rose of Sharon Gribble,SAFR0017D_SAFR0017D-StMarksMarraigeRcds-Oct1894-Aug1904_M_00245.tif,Y
1/31/2011,Rose of Sharon Gribble,SAFR0017D_SAFR0017D-StMarksMarraigeRcds-Oct1894-Aug1904_M_00249.tif,Y
1/31/2011,Rose of Sharon Gribble,SAFR0017D_SAFR0017D-StMarksMarraigeRcds-Oct1894-Aug1904_M_00359.tif,Y
1/31/2011,Rose of Sharon Gribble,SAFR0017D_SAFR0017D-StMarksMarraigeRcds-Oct1894-Aug1904_M_00365.tif,Y
1/31/2011,Rose of Sharon Gribble,SAFR0017D_SAFR0017D-StMarksMarraigeRcds-Oct1894-Aug1904_M_00371.tif,Y
1/31/2011,Rose of Sharon Gribble,SAFR0017D_SAFR0017D-StMarksMarraigeRcds-Oct1894-Aug1904a_M_00178.tif,Y
1/31/2011,Rose of Sharon Gribble,SAFR0017D_SAFR0017D-StMarksMarraigeRcds-Oct1894-Aug1904a_M_00188.tif,Y
1/31/2011,Rose of Sharon Gribble,SAFR0017D_SAFR0017D-StMarksMarraigeRcds-Oct1894-Aug1904a_M_00208.tif,Y
1/31/2011,Rose of Sharon Gribble,SAFR0017D_SAFR0017D-StMarksMarraigeRcds-Oct1894-Aug1904a_M_00232.tif,Y
1/31/2011,Rose of Sharon Gribble,SAFR0017D_SAFR0017D-StMarksMarraigeRcds-Oct1894-Aug1904a_M_00254.tif,Y
1/31/2011,Rose of Sharon Gribble,SAFR0017D_SAFR0017D-StMarksMarraigeRcds-Oct1894-Aug1904a_M_00292.tif,Y
1/31/2011,Rose of Sharon Gribble,SAFR0017D_SAFR0017D-StMarksMarraigeRcds-Oct1894-Aug1904a_M_00308.tif,Y
1/31/2011,Rose of Sharon Gribble,SAFR0017D_SAFR0017D-StMarksMarraigeRcds-Oct1894-Aug1904a_M_00316.tif,Y
1/31/2011,Rose of Sharon Gribble,SAFR0017D_SAFR0017D-StMarksMarraigeRcds-Oct1894-Aug1904a_M_00340.tif,Y
1/31/2011,Rose of Sharon Gribble,SAFR0017D_SAFR0017D-StMarksMarraigeRcds-Oct1894-Aug1904a_M_00358.tif,Y
1/31/2011,Rose of Sharon Gribble,SAFR0017D_SAFR0017D-StMarksMarraigeRcds-Oct1894-Aug1904a_M_00382-aa.tif,Y
2/18/2011,Heather Ellsworth,SAFR0017D_SAFR0017D-StMarksBaptismRcds-Jan1936-Oct1940a_M_00264.tif,Y
2/18/2011,Heather Ellsworth,SAFR0017D_SAFR0017D-StMarksBaptismRcds-Jan1936-Oct1940a_M_00268.tif,Y
2/18/2011,Heather Ellsworth,SAFR0017D_SAFR0017D-StMarksBaptismRcds-Jan1936-Oct1940a_M_00272.tif,Y
2/18/2011,Heather Ellsworth,SAFR0017D_SAFR0017D-StMarksBaptismRcds-Jan1936-Oct1940a_M_00312.tif,Y
2/18/2011,Heather Ellsworth,SAFR0017D_SAFR0017D-StMarksBaptismRcds-Jan1936-Oct1940a_M_00332.tif,Y
2/18/2011,Heather Ellsworth,SAFR0017D_SAFR0017D-StMarksBaptismRcds-Jan1936-Oct1940a_M_00342.tif,Y
2/18/2011,Heather Ellsworth,SAFR0017D_SAFR0017D-StMarksBaptismRcds-Jan1936-Oct1940a_M_00352.tif,Y
2/18/2011,Heather Ellsworth,SAFR0017D_SAFR0017D-StMarksBaptismRcds-Jan1936-Oct1940a_M_00372.tif,Y
2/3/2011,Heather Ellsworth,SAFR0017D_SAFR0017D-StMarksMarraigeQuestionaires-1938-1939_M_00013.tif,Y
2/3/2011,Heather Ellsworth,SAFR0017D_SAFR0017D-StMarksMarraigeQuestionaires-1938-1939_M_00033.tif,Y
2/3/2011,Heather Ellsworth,SAFR0017D_SAFR0017D-StMarksMarraigeQuestionaires-1938-1939_M_00037-aa.tif,Y
2/3/2011,Heather Ellsworth,SAFR0017D_SAFR0017D-StMarksMarraigeQuestionaires-1938-1939_M_00041.tif,Y
2/3/2011,Heather Ellsworth,SAFR0017D_SAFR0017D-StMarksMarraigeQuestionaires-1938-1939_M_00042.tif,Y
2/3/2011,Heather Ellsworth,SAFR0017D_SAFR0017D-StMarksMarraigeQuestionaires-1938-1939_M_00053.tif,Y
2/3/2011,Heather Ellsworth,SAFR0017D_SAFR0017D-StMarksMarraigeQuestionaires-1938-1939_M_00067.tif,Y
2/3/2011,Heather Ellsworth,SAFR0017D_SAFR0017D-StMarksMarraigeQuestionaires-1938-1939_M_00082.tif,Y
2/3/2011,Heather Ellsworth,SAFR0017D_SAFR0017D-StMarksMarraigeQuestionaires-1938-1939_M_00083.tif,Y
2/3/2011,Heather Ellsworth,SAFR0017D_SAFR0017D-StMarksMarraigeQuestionaires-1938-1939_M_00090.tif,Y
2/3/2011,Heather Ellsworth,SAFR0017D_SAFR0017D-StMarksMarraigeQuestionaires-1939-1940_M_00007.tif,Y
2/3/2011,Heather Ellsworth,SAFR0017D_SAFR0017D-StMarksMarraigeQuestionaires-1939-1940_M_00008.tif,Y
2/3/2011,Heather Ellsworth,SAFR0017D_SAFR0017D-StMarksMarraigeQuestionaires-1939-1940_M_00013.tif,Y
2/3/2011,Heather Ellsworth,SAFR0017D_SAFR0017D-StMarksMarraigeQuestionaires-1939-1940_M_00047.tif,Y
2/3/2011,Heather Ellsworth,SAFR0017D_SAFR0017D-StMarksMarraigeQuestionaires-1939-1940_M_00050.tif,Y
2/3/2011,Heather Ellsworth,SAFR0017D_SAFR0017D-StMarksMarraigeQuestionaires-1939-1940_M_00053.tif,Y
2/3/2011,Heather Ellsworth,SAFR0017D_SAFR0017D-StMarksMarraigeQuestionaires-1939-1940_M_00057.tif,Y
2/3/2011,Heather Ellsworth,SAFR0017D_SAFR0017D-StMarksMarraigeQuestionaires-1939-1940_M_00064.tif,Y
2/3/2011,Heather Ellsworth,SAFR0017D_SAFR0017D-StMarksMarraigeQuestionaires-1939-1940_M_00072.tif,Y
2/3/2011,Heather Ellsworth,SAFR0017D_SAFR0017D-StMarksMarraigeQuestionaires-1939-1940_M_00080.tif,Y
2/3/2011,Heather Ellsworth,SAFR0017D_SAFR0017D-StMarksMarraigeQuestionaires-1939-1940_M_00093.tif,Y
2/3/2011,Heather Ellsworth,SAFR0017D_SAFR0017D-StMarksMarraigeQuestionaires-1940-1942_M_00015.tif,Y
2/3/2011,Heather Ellsworth,SAFR0017D_SAFR0017D-StMarksMarraigeQuestionaires-1940-1942_M_00018.tif,Y
2/3/2011,Heather Ellsworth,SAFR0017D_SAFR0017D-StMarksMarraigeQuestionaires-1940-1942_M_00033.tif,Y
2/3/2011,Heather Ellsworth,SAFR0017D_SAFR0017D-StMarksMarraigeQuestionaires-1940-1942_M_00041.tif,Y
2/3/2011,Heather Ellsworth,SAFR0017D_SAFR0017D-StMarksMarraigeQuestionaires-1940-1942_M_00042.tif,Y
2/3/2011,Heather Ellsworth,SAFR0017D_SAFR0017D-StMarksMarraigeQuestionaires-1940-1942_M_00048.tif,Y
2/3/2011,Heather Ellsworth,SAFR0017D_SAFR0017D-StMarksMarraigeQuestionaires-1940-1942_M_00056.tif,Y
2/3/2011,Heather Ellsworth,SAFR0017D_SAFR0017D-StMarksMarraigeQuestionaires-1940-1942_M_00065.tif,Y
2/3/2011,Heather Ellsworth,SAFR0017D_SAFR0017D-StMarksMarraigeQuestionaires-1940-1942_M_00073.tif,Y
2/3/2011,Heather Ellsworth,SAFR0017D_SAFR0017D-StMarksMarraigeQuestionaires-1940-1942_M_00078.tif,Y
2/3/2011,Heather Ellsworth,SAFR0017D_SAFR0017D-StMarksMarraigeQuestionaires-1942-1943_M_00024.tif,Y
2/3/2011,Heather Ellsworth,SAFR0017D_SAFR0017D-StMarksMarraigeQuestionaires-1942-1943_M_00029.tif,Y
2/3/2011,Heather Ellsworth,SAFR0017D_SAFR0017D-StMarksMarraigeQuestionaires-1942-1943_M_00046.tif,Y
2/3/2011,Heather Ellsworth,SAFR0017D_SAFR0017D-StMarksMarraigeQuestionaires-1942-1943_M_00053.tif,Y
2/3/2011,Heather Ellsworth,SAFR0017D_SAFR0017D-StMarksMarraigeQuestionaires-1942-1943_M_00058.tif,Y
2/3/2011,Heather Ellsworth,SAFR0017D_SAFR0017D-StMarksMarraigeQuestionaires-1942-1943_M_00062.tif,Y
2/3/2011,Heather Ellsworth,SAFR0017D_SAFR0017D-StMarksMarraigeQuestionaires-1942-1943_M_00068.tif,Y
2/3/2011,Heather Ellsworth,SAFR0017D_SAFR0017D-StMarksMarraigeQuestionaires-1942-1943_M_00076.tif,Y
2/3/2011,Heather Ellsworth,SAFR0017D_SAFR0017D-StMarksMarraigeQuestionaires-1942-1943_M_00080.tif,Y
2/3/2011,Heather Ellsworth,SAFR0017D_SAFR0017D-StMarksMarraigeQuestionaires-1942-1943_M_00081-aa.tif,Y
2/3/2011,Heather Ellsworth,SAFR0017D_SAFR0017D-StMarksMarraigeQuestionaires-1942-1943_M_00089.tif,Y
2/3/2011,Heather Ellsworth,SAFR0017D_SAFR0017D-StMarksMarraigeQuestionaires-1942-1943_M_00095.tif,Y
2/3/2011,Heather Ellsworth,SAFR0017D_SAFR0017D-StMarksMarraigeQuestionaires-1957-1960_M_00009.tif,Y
2/3/2011,Heather Ellsworth,SAFR0017D_SAFR0017D-StMarksMarraigeQuestionaires-1957-1960_M_00044.tif,Y
2/3/2011,Heather Ellsworth,SAFR0017D_SAFR0017D-StMarksMarraigeQuestionaires-1957-1960_M_00050.tif,Y
2/3/2011,Heather Ellsworth,SAFR0017D_SAFR0017D-StMarksMarraigeQuestionaires-1957-1960_M_00058.tif,Y
2/3/2011,Heather Ellsworth,SAFR0017D_SAFR0017D-StMarksMarraigeQuestionaires-1957-1960_M_00060.tif,Y
2/3/2011,Heather Ellsworth,SAFR0017D_SAFR0017D-StMarksMarraigeQuestionaires-1957-1960_M_00063.tif,Y
2/3/2011,Heather Ellsworth,SAFR0017D_SAFR0017D-StMarksMarraigeQuestionaires-1957-1960_M_00069.tif,Y
2/3/2011,Heather Ellsworth,SAFR0017D_SAFR0017D-StMarksMarraigeQuestionaires-1957-1960_M_00070.tif,Y
2/3/2011,Heather Ellsworth,SAFR0017D_SAFR0017D-StMarksMarraigeQuestionaires-1957-1960_M_00074.tif,Y
2/3/2011,Heather Ellsworth,SAFR0017D_SAFR0017D-StMarksMarraigeQuestionaires-1957-1960_M_00080.tif,Y
2/3/2011,Heather Ellsworth,SAFR0017D_SAFR0017D-StMarksMarraigeQuestionaires-1957-1960_M_00093.tif,Y
2/3/2011,Heather Ellsworth,SAFR0017D_SAFR0017D-StMarksMarraigeQuestionaires-1963-1965_M_00005.tif,Y
2/3/2011,Heather Ellsworth,SAFR0017D_SAFR0017D-StMarksMarraigeQuestionaires-1963-1965_M_00029.tif,Y
2/3/2011,Heather Ellsworth,SAFR0017D_SAFR0017D-StMarksMarraigeQuestionaires-1963-1965_M_00043.tif,Y
2/3/2011,Heather Ellsworth,SAFR0017D_SAFR0017D-StMarksMarraigeQuestionaires-1963-1965_M_00067.tif,Y
2/3/2011,Heather Ellsworth,SAFR0017D_SAFR0017D-StMarksMarraigeQuestionaires-1963-1965_M_00078.tif,Y
2/3/2011,Heather Ellsworth,SAFR0017D_SAFR0017D-StMarksMarraigeQuestionaires-1963-1965_M_00086.tif,Y
2/3/2011,Heather Ellsworth,SAFR0017D_SAFR0017D-StMarksMarraigeQuestionaires-1980-1983_M_00007.tif,Y
2/3/2011,Heather Ellsworth,SAFR0017D_SAFR0017D-StMarksMarraigeQuestionaires-1980-1983_M_00010.tif,Y
2/3/2011,Heather Ellsworth,SAFR0017D_SAFR0017D-StMarksMarraigeQuestionaires-1985-1987_M_00001-aa.tif,Y
2/3/2011,Heather Ellsworth,SAFR0017D_SAFR0017D-StMarksMarraigeQuestionaires-1985-1987_M_00011.tif,Y
2/3/2011,Heather Ellsworth,SAFR0017D_SAFR0017D-StMarksMarraigeRcds-Apr1939-Aug1945_M_00010.tif,Y
2/3/2011,Heather Ellsworth,SAFR0017D_SAFR0017D-StMarksMarraigeRcds-Apr1939-Aug1945_M_00017.tif,Y
2/3/2011,Heather Ellsworth,SAFR0017D_SAFR0017D-StMarksMarraigeRcds-Apr1939-Aug1945_M_00034.tif,Y
2/3/2011,Heather Ellsworth,SAFR0017D_SAFR0017D-StMarksMarraigeRcds-Apr1939-Aug1945_M_00036.tif,Y
2/3/2011,Heather Ellsworth,SAFR0017D_SAFR0017D-StMarksMarraigeRcds-Apr1939-Aug1945_M_00049.tif,Y
2/3/2011,Heather Ellsworth,SAFR0017D_SAFR0017D-StMarksMarraigeRcds-Apr1939-Aug1945_M_00054.tif,Y
2/3/2011,Heather Ellsworth,SAFR0017D_SAFR0017D-StMarksMarraigeRcds-Apr1939-Aug1945_M_00056.tif,Y
2/3/2011,Heather Ellsworth,SAFR0017D_SAFR0017D-StMarksMarraigeRcds-Apr1939-Aug1945_M_00064.tif,Y
2/3/2011,Heather Ellsworth,SAFR0017D_SAFR0017D-StMarksMarraigeRcds-Apr1939-Aug1945_M_00067.tif,Y
2/3/2011,Heather Ellsworth,SAFR0017D_SAFR0017D-StMarksMarraigeRcds-Apr1939-Aug1945_M_00068.tif,Y
2/3/2011,Heather Ellsworth,SAFR0017D_SAFR0017D-StMarksMarraigeRcds-Apr1939-Aug1945_M_00077.tif,Y
2/3/2011,Heather Ellsworth,SAFR0017D_SAFR0017D-StMarksMarraigeRcds-Apr1939-Aug1945_M_00080.tif,Y
2/3/2011,Heather Ellsworth,SAFR0017D_SAFR0017D-StMarksMarraigeRcds-Apr1939-Aug1945_M_00088.tif,Y
2/3/2011,Heather Ellsworth,SAFR0017D_SAFR0017D-StMarksMarraigeRcds-Apr1939-Aug1945_M_00109-aa.tif,Y
2/3/2011,Heather Ellsworth,SAFR0017D_SAFR0017D-StMarksMarraigeRcds-Apr1939-Aug1945_M_00109.tif,Y
2/3/2011,Heather Ellsworth,SAFR0017D_SAFR0017D-StMarksMarraigeRcds-Apr1939-Aug1945_M_00112.tif,Y
2/3/2011,Heather Ellsworth,SAFR0017D_SAFR0017D-StMarksMarraigeRcds-Apr1939-Aug1945_M_00125.tif,Y
2/3/2011,Heather Ellsworth,SAFR0017D_SAFR0017D-StMarksMarraigeRcds-Apr1939-Aug1945_M_00134.tif,Y
2/3/2011,Heather Ellsworth,SAFR0017D_SAFR0017D-StMarksMarraigeRcds-Apr1939-Aug1945_M_00138.tif,Y
2/3/2011,Heather Ellsworth,SAFR0017D_SAFR0017D-StMarksMarraigeRcds-Apr1939-Aug1945_M_00140.tif,Y
2/3/2011,Heather Ellsworth,SAFR0017D_SAFR0017D-StMarksMarraigeRcds-Apr1939-Aug1945_M_00149.tif,Y
2/3/2011,Heather Ellsworth,SAFR0017D_SAFR0017D-StMarksMarraigeRcds-Apr1939-Aug1945_M_00187.tif,Y
2/3/2011,Heather Ellsworth,SAFR0017D_SAFR0017D-StMarksMarraigeRcds-Apr1939-Aug1945_M_00215.tif,Y
2/3/2011,Heather Ellsworth,SAFR0017D_SAFR0017D-StMarksMarraigeRcds-Apr1939-Aug1945_M_00220.tif,Y
2/3/2011,Heather Ellsworth,SAFR0017D_SAFR0017D-StMarksMarraigeRcds-Apr1939-Aug1945_M_00228.tif,Y
2/3/2011,Heather Ellsworth,SAFR0017D_SAFR0017D-StMarksMarraigeRcds-Apr1939-Aug1945_M_00230.tif,Y
2/3/2011,Heather Ellsworth,SAFR0017D_SAFR0017D-StMarksMarraigeRcds-Apr1939-Aug1945_M_00246.tif,Y
2/3/2011,Heather Ellsworth,SAFR0017D_SAFR0017D-StMarksMarraigeRcds-Apr1939-Aug1945_M_00277.tif,Y
2/3/2011,Heather Ellsworth,SAFR0017D_SAFR0017D-StMarksMarraigeRcds-Apr1939-Aug1945_M_00283.tif,Y
2/3/2011,Heather Ellsworth,SAFR0017D_SAFR0017D-StMarksMarraigeRcds-Apr1939-Aug1945_M_00285.tif,Y
2/3/2011,Heather Ellsworth,SAFR0017D_SAFR0017D-StMarksMarraigeRcds-Aug1945-Nov1950_M_00002.tif,Y
2/3/2011,Heather Ellsworth,SAFR0017D_SAFR0017D-StMarksMarraigeRcds-Aug1945-Nov1950_M_00008.tif,Y
2/3/2011,Heather Ellsworth,SAFR0017D_SAFR0017D-StMarksMarraigeRcds-Aug1945-Nov1950_M_00011.tif,Y
2/3/2011,Heather Ellsworth,SAFR0017D_SAFR0017D-StMarksMarraigeRcds-Aug1945-Nov1950_M_00028.tif,Y
2/3/2011,Heather Ellsworth,SAFR0017D_SAFR0017D-StMarksMarraigeRcds-Aug1945-Nov1950_M_00043.tif,Y
2/3/2011,Heather Ellsworth,SAFR0017D_SAFR0017D-StMarksMarraigeRcds-Aug1945-Nov1950_M_00049.tif,Y
2/3/2011,Heather Ellsworth,SAFR0017D_SAFR0017D-StMarksMarraigeRcds-Aug1945-Nov1950_M_00083.tif,Y
2/3/2011,Heather Ellsworth,SAFR0017D_SAFR0017D-StMarksMarraigeRcds-Aug1945-Nov1950_M_00091.tif,Y
2/3/2011,Heather Ellsworth,SAFR0017D_SAFR0017D-StMarksMarraigeRcds-Aug1945-Nov1950_M_00092.tif,Y
2/3/2011,Heather Ellsworth,SAFR0017D_SAFR0017D-StMarksMarraigeRcds-Aug1945-Nov1950_M_00096.tif,Y
2/3/2011,Heather Ellsworth,SAFR0017D_SAFR0017D-StMarksMarraigeRcds-Aug1945-Nov1950_M_00109.tif,Y
2/3/2011,Heather Ellsworth,SAFR0017D_SAFR0017D-StMarksMarraigeRcds-Aug1945-Nov1950_M_00114.tif,Y
2/3/2011,Heather Ellsworth,SAFR0017D_SAFR0017D-StMarksMarraigeRcds-Aug1945-Nov1950_M_00118.tif,Y
2/3/2011,Heather Ellsworth,SAFR0017D_SAFR0017D-StMarksMarraigeRcds-Aug1945-Nov1950_M_00119.tif,Y
2/3/2011,Heather Ellsworth,SAFR0017D_SAFR0017D-StMarksMarraigeRcds-Aug1945-Nov1950_M_00128.tif,Y
2/3/2011,Heather Ellsworth,SAFR0017D_SAFR0017D-StMarksMarraigeRcds-Aug1945-Nov1950_M_00138.tif,Y
2/3/2011,Heather Ellsworth,SAFR0017D_SAFR0017D-StMarksMarraigeRcds-Aug1945-Nov1950_M_00140.tif,Y
2/3/2011,Heather Ellsworth,SAFR0017D_SAFR0017D-StMarksMarraigeRcds-Aug1945-Nov1950_M_00145.tif,Y
2/3/2011,Heather Ellsworth,SAFR0017D_SAFR0017D-StMarksMarraigeRcds-Aug1945-Nov1950_M_00166.tif,Y
2/3/2011,Heather Ellsworth,SAFR0017D_SAFR0017D-StMarksMarraigeRcds-Aug1945-Nov1950_M_00176.tif,Y
2/3/2011,Heather Ellsworth,SAFR0017D_SAFR0017D-StMarksMarraigeRcds-Aug1945-Nov1950_M_00189.tif,Y
2/3/2011,Heather Ellsworth,SAFR0017D_SAFR0017D-StMarksMarraigeRcds-Aug1945-Nov1950_M_00192.tif,Y
2/3/2011,Heather Ellsworth,SAFR0017D_SAFR0017D-StMarksMarraigeRcds-Aug1945-Nov1950_M_00198.tif,Y
2/3/2011,Heather Ellsworth,SAFR0017D_SAFR0017D-StMarksMarraigeRcds-Aug1945-Nov1950_M_00216.tif,Y
2/3/2011,Heather Ellsworth,SAFR0017D_SAFR0017D-StMarksMarraigeRcds-Aug1945-Nov1950_M_00228.tif,Y
2/3/2011,Heather Ellsworth,SAFR0017D_SAFR0017D-StMarksMarraigeRcds-Aug1945-Nov1950_M_00249.tif,Y
2/3/2011,Heather Ellsworth,SAFR0017D_SAFR0017D-StMarksMarraigeRcds-Aug1945-Nov1950_M_00270.tif,Y
2/3/2011,Heather Ellsworth,SAFR0017D_SAFR0017D-StMarksMarraigeRcds-Aug1945-Nov1950_M_00275.tif,Y
2/3/2011,Heather Ellsworth,SAFR0017D_SAFR0017D-StMarksMarraigeRcds-Aug1945-Nov1950_M_00276.tif,Y
2/3/2011,Heather Ellsworth,SAFR0017D_SAFR0017D-StMarksMarraigeRcds-Aug1945-Nov1950_M_00284.tif,Y
2/3/2011,Heather Ellsworth,SAFR0017D_SAFR0017D-StMarksMarraigeRcds-Dec1961-Jan1972_M_00011.tif,Y
2/3/2011,Heather Ellsworth,SAFR0017D_SAFR0017D-StMarksMarraigeRcds-Dec1961-Jan1972_M_00014.tif,Y
2/3/2011,Heather Ellsworth,SAFR0017D_SAFR0017D-StMarksMarraigeRcds-Dec1961-Jan1972_M_00017.tif,Y
2/3/2011,Heather Ellsworth,SAFR0017D_SAFR0017D-StMarksMarraigeRcds-Dec1961-Jan1972_M_00032.tif,Y
2/3/2011,Heather Ellsworth,SAFR0017D_SAFR0017D-StMarksMarraigeRcds-Dec1961-Jan1972_M_00034.tif,Y
2/3/2011,Heather Ellsworth,SAFR0017D_SAFR0017D-StMarksMarraigeRcds-Dec1961-Jan1972_M_00036.tif,Y
2/3/2011,Heather Ellsworth,SAFR0017D_SAFR0017D-StMarksMarraigeRcds-Dec1961-Jan1972_M_00039.tif,Y
2/3/2011,Heather Ellsworth,SAFR0017D_SAFR0017D-StMarksMarraigeRcds-Dec1961-Jan1972_M_00043.tif,Y
2/3/2011,Heather Ellsworth,SAFR0017D_SAFR0017D-StMarksMarraigeRcds-Dec1961-Jan1972_M_00068.tif,Y
2/3/2011,Heather Ellsworth,SAFR0017D_SAFR0017D-StMarksMarraigeRcds-Dec1961-Jan1972_M_00069.tif,Y
2/3/2011,Heather Ellsworth,SAFR0017D_SAFR0017D-StMarksMarraigeRcds-Dec1961-Jan1972_M_00070.tif,Y
2/3/2011,Heather Ellsworth,SAFR0017D_SAFR0017D-StMarksMarraigeRcds-Dec1961-Jan1972_M_00084.tif,Y
2/3/2011,Heather Ellsworth,SAFR0017D_SAFR0017D-StMarksMarraigeRcds-Dec1961-Jan1972_M_00089.tif,Y
2/3/2011,Heather Ellsworth,SAFR0017D_SAFR0017D-StMarksMarraigeRcds-Dec1961-Jan1972_M_00107.tif,Y
2/3/2011,Heather Ellsworth,SAFR0017D_SAFR0017D-StMarksMarraigeRcds-Dec1961-Jan1972_M_00121.tif,Y
2/3/2011,Heather Ellsworth,SAFR0017D_SAFR0017D-StMarksMarraigeRcds-Dec1961-Jan1972_M_00127.tif,Y
2/3/2011,Heather Ellsworth,SAFR0017D_SAFR0017D-StMarksMarraigeRcds-Dec1961-Jan1972_M_00144.tif,Y
2/3/2011,Heather Ellsworth,SAFR0017D_SAFR0017D-StMarksMarraigeRcds-Dec1961-Jan1972_M_00165.tif,Y
2/3/2011,Heather Ellsworth,SAFR0017D_SAFR0017D-StMarksMarraigeRcds-Dec1961-Jan1972_M_00176.tif,Y
2/3/2011,Heather Ellsworth,SAFR0017D_SAFR0017D-StMarksMarraigeRcds-Dec1961-Jan1972_M_00178.tif,Y
2/3/2011,Heather Ellsworth,SAFR0017D_SAFR0017D-StMarksMarraigeRcds-Dec1961-Jan1972_M_00189.tif,Y
2/3/2011,Heather Ellsworth,SAFR0017D_SAFR0017D-StMarksMarraigeRcds-Dec1961-Jan1972_M_00191.tif,Y
2/3/2011,Heather Ellsworth,SAFR0017D_SAFR0017D-StMarksMarraigeRcds-Dec1961-Jan1972_M_00201-aa.tif,Y
2/3/2011,Heather Ellsworth,SAFR0017D_SAFR0017D-StMarksMarraigeRcds-Dec1961-Jan1972_M_00206.tif,Y
2/3/2011,Heather Ellsworth,SAFR0017D_SAFR0017D-StMarksMarraigeRcds-Dec1961-Jan1972_M_00218.tif,Y
2/3/2011,Heather Ellsworth,SAFR0017D_SAFR0017D-StMarksMarraigeRcds-Dec1961-Jan1972_M_00228.tif,Y
2/3/2011,Heather Ellsworth,SAFR0017D_SAFR0017D-StMarksMarraigeRcds-Feb1956-dec1961_M_00001-aa.tif,Y
2/3/2011,Heather Ellsworth,SAFR0017D_SAFR0017D-StMarksMarraigeRcds-Feb1956-dec1961_M_00028.tif,Y
2/3/2011,Heather Ellsworth,SAFR0017D_SAFR0017D-StMarksMarraigeRcds-Feb1956-dec1961_M_00032.tif,Y
2/3/2011,Heather Ellsworth,SAFR0017D_SAFR0017D-StMarksMarraigeRcds-Feb1956-dec1961_M_00041.tif,Y
2/3/2011,Heather Ellsworth,SAFR0017D_SAFR0017D-StMarksMarraigeRcds-Feb1956-dec1961_M_00049.tif,Y
2/3/2011,Heather Ellsworth,SAFR0017D_SAFR0017D-StMarksMarraigeRcds-Feb1956-dec1961_M_00052.tif,Y
2/3/2011,Heather Ellsworth,SAFR0017D_SAFR0017D-StMarksMarraigeRcds-Feb1956-dec1961_M_00061.tif,Y
2/3/2011,Heather Ellsworth,SAFR0017D_SAFR0017D-StMarksMarraigeRcds-Feb1956-dec1961_M_00089.tif,Y
2/3/2011,Heather Ellsworth,SAFR0017D_SAFR0017D-StMarksMarraigeRcds-Feb1956-dec1961_M_00102.tif,Y
2/3/2011,Heather Ellsworth,SAFR0017D_SAFR0017D-StMarksMarraigeRcds-Feb1956-dec1961_M_00116.tif,Y
2/3/2011,Heather Ellsworth,SAFR0017D_SAFR0017D-StMarksMarraigeRcds-Feb1956-dec1961_M_00133.tif,Y
2/3/2011,Heather Ellsworth,SAFR0017D_SAFR0017D-StMarksMarraigeRcds-Feb1956-dec1961_M_00134.tif,Y
2/3/2011,Heather Ellsworth,SAFR0017D_SAFR0017D-StMarksMarraigeRcds-Feb1956-dec1961_M_00141.tif,Y
2/3/2011,Heather Ellsworth,SAFR0017D_SAFR0017D-StMarksMarraigeRcds-Feb1956-dec1961_M_00177.tif,Y
2/3/2011,Heather Ellsworth,SAFR0017D_SAFR0017D-StMarksMarraigeRcds-Feb1956-dec1961_M_00178.tif,Y
2/3/2011,Heather Ellsworth,SAFR0017D_SAFR0017D-StMarksMarraigeRcds-Feb1956-dec1961_M_00190.tif,Y
2/3/2011,Heather Ellsworth,SAFR0017D_SAFR0017D-StMarksMarraigeRcds-Feb1956-dec1961_M_00196.tif,Y
2/3/2011,Heather Ellsworth,SAFR0017D_SAFR0017D-StMarksMarraigeRcds-Feb1956-dec1961_M_00201-aa.tif,Y
2/3/2011,Heather Ellsworth,SAFR0017D_SAFR0017D-StMarksMarraigeRcds-Feb1956-dec1961_M_00201.tif,Y
2/3/2011,Heather Ellsworth,SAFR0017D_SAFR0017D-StMarksMarraigeRcds-Feb1956-dec1961_M_00208.tif,Y
2/3/2011,Heather Ellsworth,SAFR0017D_SAFR0017D-StMarksMarraigeRcds-Feb1956-dec1961_M_00209.tif,Y
2/3/2011,Heather Ellsworth,SAFR0017D_SAFR0017D-StMarksMarraigeRcds-Feb1956-dec1961_M_00227.tif,Y
2/3/2011,Heather Ellsworth,SAFR0017D_SAFR0017D-StMarksMarraigeRcds-Feb1956-dec1961_M_00242.tif,Y
2/3/2011,Heather Ellsworth,SAFR0017D_SAFR0017D-StMarksMarraigeRcds-Feb1956-dec1961_M_00248.tif,Y
2/3/2011,Heather Ellsworth,SAFR0017D_SAFR0017D-StMarksMarraigeRcds-Feb1956-dec1961_M_00263.tif,Y
2/3/2011,Heather Ellsworth,SAFR0017D_SAFR0017D-StMarksMarraigeRcds-Feb1956-dec1961_M_00280.tif,Y
2/3/2011,Heather Ellsworth,SAFR0017D_SAFR0017D-StMarksMarraigeRcds-Feb1956-dec1961_M_00282.tif,Y
2/3/2011,Heather Ellsworth,SAFR0017D_SAFR0017D-StMarksMarraigeRcds-Feb1956-dec1961_M_00283.tif,Y
2/3/2011,Heather Ellsworth,SAFR0017D_SAFR0017D-StMarksMarraigeRcds-Feb1956-dec1961_M_00292.tif,Y
2/3/2011,Heather Ellsworth,SAFR0017D_SAFR0017D-StMarksMarraigeRcds-Feb1956-dec1961_M_00294.tif,Y
2/3/2011,Heather Ellsworth,SAFR0017D_SAFR0017D-StMarksMarraigeRcds-Feb1956-dec1961_M_00296.tif,Y
2/3/2011,Heather Ellsworth,SAFR0017D_SAFR0017D-StMarksMarraigeRcds-Feb1956-dec1961_M_00305.tif,Y
2/3/2011,Heather Ellsworth,SAFR0017D_SAFR0017D-StMarksMarraigeRcds-May1934-Sep1937_M_00010.tif,Y
2/3/2011,Heather Ellsworth,SAFR0017D_SAFR0017D-StMarksMarraigeRcds-May1934-Sep1937_M_00015.tif,Y
2/3/2011,Heather Ellsworth,SAFR0017D_SAFR0017D-StMarksMarraigeRcds-May1934-Sep1937_M_00022.tif,Y
2/3/2011,Heather Ellsworth,SAFR0017D_SAFR0017D-StMarksMarraigeRcds-May1934-Sep1937_M_00029.tif,Y
2/3/2011,Heather Ellsworth,SAFR0017D_SAFR0017D-StMarksMarraigeRcds-May1934-Sep1937_M_00041.tif,Y
2/3/2011,Heather Ellsworth,SAFR0017D_SAFR0017D-StMarksMarraigeRcds-May1934-Sep1937_M_00043.tif,Y
2/3/2011,Heather Ellsworth,SAFR0017D_SAFR0017D-StMarksMarraigeRcds-May1934-Sep1937_M_00049.tif,Y
2/3/2011,Heather Ellsworth,SAFR0017D_SAFR0017D-StMarksMarraigeRcds-May1934-Sep1937_M_00052.tif,Y
2/3/2011,Heather Ellsworth,SAFR0017D_SAFR0017D-StMarksMarraigeRcds-May1934-Sep1937_M_00053.tif,Y
2/3/2011,Heather Ellsworth,SAFR0017D_SAFR0017D-StMarksMarraigeRcds-May1934-Sep1937_M_00056.tif,Y
2/3/2011,Heather Ellsworth,SAFR0017D_SAFR0017D-StMarksMarraigeRcds-May1934-Sep1937_M_00057.tif,Y
2/3/2011,Heather Ellsworth,SAFR0017D_SAFR0017D-StMarksMarraigeRcds-May1934-Sep1937_M_00071.tif,Y
2/3/2011,Heather Ellsworth,SAFR0017D_SAFR0017D-StMarksMarraigeRcds-May1934-Sep1937_M_00078.tif,Y
2/3/2011,Heather Ellsworth,SAFR0017D_SAFR0017D-StMarksMarraigeRcds-May1934-Sep1937_M_00094.tif,Y
2/3/2011,Heather Ellsworth,SAFR0017D_SAFR0017D-StMarksMarraigeRcds-May1934-Sep1937_M_00095.tif,Y
2/3/2011,Heather Ellsworth,SAFR0017D_SAFR0017D-StMarksMarraigeRcds-May1934-Sep1937_M_00099.tif,Y
2/3/2011,Heather Ellsworth,SAFR0017D_SAFR0017D-StMarksMarraigeRcds-May1934-Sep1937_M_00154.tif,Y
2/3/2011,Heather Ellsworth,SAFR0017D_SAFR0017D-StMarksMarraigeRcds-May1934-Sep1937_M_00156.tif,Y
2/3/2011,Heather Ellsworth,SAFR0017D_SAFR0017D-StMarksMarraigeRcds-May1934-Sep1937_M_00159.tif,Y
2/3/2011,Heather Ellsworth,SAFR0017D_SAFR0017D-StMarksMarraigeRcds-May1934-Sep1937_M_00164.tif,Y
2/3/2011,Heather Ellsworth,SAFR0017D_SAFR0017D-StMarksMarraigeRcds-May1934-Sep1937_M_00173.tif,Y
2/3/2011,Heather Ellsworth,SAFR0017D_SAFR0017D-StMarksMarraigeRcds-May1934-Sep1937_M_00211.tif,Y
2/3/2011,Heather Ellsworth,SAFR0017D_SAFR0017D-StMarksMarraigeRcds-May1934-Sep1937_M_00212.tif,Y
2/3/2011,Heather Ellsworth,SAFR0017D_SAFR0017D-StMarksMarraigeRcds-May1934-Sep1937_M_00236.tif,Y
2/3/2011,Heather Ellsworth,SAFR0017D_SAFR0017D-StMarksMarraigeRcds-May1934-Sep1937_M_00250.tif,Y
2/3/2011,Heather Ellsworth,SAFR0017D_SAFR0017D-StMarksMarraigeRcds-May1934-Sep1937_M_00252.tif,Y
2/3/2011,Heather Ellsworth,SAFR0017D_SAFR0017D-StMarksMarraigeRcds-May1934-Sep1937_M_00257.tif,Y
2/3/2011,Heather Ellsworth,SAFR0017D_SAFR0017D-StMarksMarraigeRcds-May1934-Sep1937_M_00289-ac.tif,Y
2/3/2011,Heather Ellsworth,SAFR0017D_SAFR0017D-StMarksMarraigeRcds-May1934-Sep1937_M_00289-af.tif,Y
2/3/2011,Heather Ellsworth,SAFR0017D_SAFR0017D-StMarksMarraigeRcds-May1934-Sep1937_M_00289-ag.tif,Y
2/3/2011,Heather Ellsworth,SAFR0017D_SAFR0017D-StMarksMarraigeRcds-May1934-Sep1937_M_00290.tif,Y
2/3/2011,Heather Ellsworth,SAFR0017D_SAFR0017D-StMarksMarraigeRcds-May1934-Sep1937_M_00298.tif,Y
2/3/2011,Heather Ellsworth,SAFR0017D_SAFR0017D-StMarksMarraigeRcds-Nov1950-Dec1955_M_00001-aa.tif,Y
2/3/2011,Heather Ellsworth,SAFR0017D_SAFR0017D-StMarksMarraigeRcds-Nov1950-Dec1955_M_00006.tif,Y
2/3/2011,Heather Ellsworth,SAFR0017D_SAFR0017D-StMarksMarraigeRcds-Nov1950-Dec1955_M_00017.tif,Y
2/3/2011,Heather Ellsworth,SAFR0017D_SAFR0017D-StMarksMarraigeRcds-Nov1950-Dec1955_M_00025.tif,Y
2/3/2011,Heather Ellsworth,SAFR0017D_SAFR0017D-StMarksMarraigeRcds-Nov1950-Dec1955_M_00039.tif,Y
2/3/2011,Heather Ellsworth,SAFR0017D_SAFR0017D-StMarksMarraigeRcds-Nov1950-Dec1955_M_00043.tif,Y
2/3/2011,Heather Ellsworth,SAFR0017D_SAFR0017D-StMarksMarraigeRcds-Nov1950-Dec1955_M_00051.tif,Y
2/3/2011,Heather Ellsworth,SAFR0017D_SAFR0017D-StMarksMarraigeRcds-Nov1950-Dec1955_M_00061-aa.tif,Y
2/3/2011,Heather Ellsworth,SAFR0017D_SAFR0017D-StMarksMarraigeRcds-Nov1950-Dec1955_M_00064.tif,Y
2/3/2011,Heather Ellsworth,SAFR0017D_SAFR0017D-StMarksMarraigeRcds-Nov1950-Dec1955_M_00074.tif,Y
2/3/2011,Heather Ellsworth,SAFR0017D_SAFR0017D-StMarksMarraigeRcds-Nov1950-Dec1955_M_00080.tif,Y
2/3/2011,Heather Ellsworth,SAFR0017D_SAFR0017D-StMarksMarraigeRcds-Nov1950-Dec1955_M_00089.tif,Y
2/3/2011,Heather Ellsworth,SAFR0017D_SAFR0017D-StMarksMarraigeRcds-Nov1950-Dec1955_M_00099.tif,Y
2/3/2011,Heather Ellsworth,SAFR0017D_SAFR0017D-StMarksMarraigeRcds-Nov1950-Dec1955_M_00103.tif,Y
2/3/2011,Heather Ellsworth,SAFR0017D_SAFR0017D-StMarksMarraigeRcds-Nov1950-Dec1955_M_00106.tif,Y
2/3/2011,Heather Ellsworth,SAFR0017D_SAFR0017D-StMarksMarraigeRcds-Nov1950-Dec1955_M_00113.tif,Y
2/3/2011,Heather Ellsworth,SAFR0017D_SAFR0017D-StMarksMarraigeRcds-Nov1950-Dec1955_M_00117.tif,Y
2/3/2011,Heather Ellsworth,SAFR0017D_SAFR0017D-StMarksMarraigeRcds-Nov1950-Dec1955_M_00140.tif,Y
2/3/2011,Heather Ellsworth,SAFR0017D_SAFR0017D-StMarksMarraigeRcds-Nov1950-Dec1955_M_00168.tif,Y
2/3/2011,Heather Ellsworth,SAFR0017D_SAFR0017D-StMarksMarraigeRcds-Nov1950-Dec1955_M_00170.tif,Y
2/3/2011,Heather Ellsworth,SAFR0017D_SAFR0017D-StMarksMarraigeRcds-Nov1950-Dec1955_M_00172.tif,Y
2/3/2011,Heather Ellsworth,SAFR0017D_SAFR0017D-StMarksMarraigeRcds-Nov1950-Dec1955_M_00181.tif,Y
2/3/2011,Heather Ellsworth,SAFR0017D_SAFR0017D-StMarksMarraigeRcds-Nov1950-Dec1955_M_00182.tif,Y
2/3/2011,Heather Ellsworth,SAFR0017D_SAFR0017D-StMarksMarraigeRcds-Nov1950-Dec1955_M_00195.tif,Y
2/3/2011,Heather Ellsworth,SAFR0017D_SAFR0017D-StMarksMarraigeRcds-Nov1950-Dec1955_M_00204.tif,Y
2/3/2011,Heather Ellsworth,SAFR0017D_SAFR0017D-StMarksMarraigeRcds-Nov1950-Dec1955_M_00213.tif,Y
2/3/2011,Heather Ellsworth,SAFR0017D_SAFR0017D-StMarksMarraigeRcds-Nov1950-Dec1955_M_00217.tif,Y
2/3/2011,Heather Ellsworth,SAFR0017D_SAFR0017D-StMarksMarraigeRcds-Nov1950-Dec1955_M_00248.tif,Y
2/3/2011,Heather Ellsworth,SAFR0017D_SAFR0017D-StMarksMarraigeRcds-Nov1950-Dec1955_M_00254.tif,Y
2/3/2011,Heather Ellsworth,SAFR0017D_SAFR0017D-StMarksMarraigeRcds-Nov1950-Dec1955_M_00256.tif,Y
2/3/2011,Heather Ellsworth,SAFR0017D_SAFR0017D-StMarksMarraigeRcds-Oct1937-Feb1939_M_00001-aa.tif,Y
2/3/2011,Heather Ellsworth,SAFR0017D_SAFR0017D-StMarksMarraigeRcds-Oct1937-Feb1939_M_00006.tif,Y
2/3/2011,Heather Ellsworth,SAFR0017D_SAFR0017D-StMarksMarraigeRcds-Oct1937-Feb1939_M_00020.tif,Y
2/3/2011,Heather Ellsworth,SAFR0017D_SAFR0017D-StMarksMarraigeRcds-Oct1937-Feb1939_M_00030.tif,Y
2/3/2011,Heather Ellsworth,SAFR0017D_SAFR0017D-StMarksMarraigeRcds-Oct1937-Feb1939_M_00045.tif,Y
2/3/2011,Heather Ellsworth,SAFR0017D_SAFR0017D-StMarksMarraigeRcds-Oct1937-Feb1939_M_00047.tif,Y
2/3/2011,Heather Ellsworth,SAFR0017D_SAFR0017D-StMarksMarraigeRcds-Oct1937-Feb1939_M_00049.tif,Y
2/3/2011,Heather Ellsworth,SAFR0017D_SAFR0017D-StMarksMarraigeRcds-Oct1937-Feb1939_M_00060.tif,Y
2/3/2011,Heather Ellsworth,SAFR0017D_SAFR0017D-StMarksMarraigeRcds-Oct1937-Feb1939_M_00071.tif,Y
2/3/2011,Heather Ellsworth,SAFR0017D_SAFR0017D-StMarksMarraigeRcds-Sep1995-todate_M_00012.tif,Y
1/21/2011,Raymond Campbell,SAFR0017D_SAFR0017D-StMarksBaptismRcds-1849-Feb1921-Oct1923_M_00014.tif,Y
1/21/2011,Raymond Campbell,SAFR0017D_SAFR0017D-StMarksBaptismRcds-1849-Feb1921-Oct1923_M_00018.tif,Y
1/21/2011,Raymond Campbell,SAFR0017D_SAFR0017D-StMarksBaptismRcds-1849-Feb1921-Oct1923_M_00029.tif,Y
1/21/2011,Raymond Campbell,SAFR0017D_SAFR0017D-StMarksBaptismRcds-1849-Feb1921-Oct1923_M_00037.tif,Y
1/21/2011,Raymond Campbell,SAFR0017D_SAFR0017D-StMarksBaptismRcds-1849-Feb1921-Oct1923_M_00048.tif,Y
1/21/2011,Raymond Campbell,SAFR0017D_SAFR0017D-StMarksBaptismRcds-1849-Feb1921-Oct1923_M_00050.tif,Y
1/21/2011,Raymond Campbell,SAFR0017D_SAFR0017D-StMarksBaptismRcds-1849-Feb1921-Oct1923_M_00052.tif,Y
1/21/2011,Raymond Campbell,SAFR0017D_SAFR0017D-StMarksBaptismRcds-1849-Feb1921-Oct1923_M_00053.tif,Y
1/21/2011,Raymond Campbell,SAFR0017D_SAFR0017D-StMarksBaptismRcds-1849-Feb1921-Oct1923_M_00056.tif,Y
1/21/2011,Raymond Campbell,SAFR0017D_SAFR0017D-StMarksBaptismRcds-1849-Feb1921-Oct1923_M_00067.tif,Y
1/21/2011,Raymond Campbell,SAFR0017D_SAFR0017D-StMarksBaptismRcds-1849-Feb1921-Oct1923_M_00069.tif,Y
1/21/2011,Raymond Campbell,SAFR0017D_SAFR0017D-StMarksBaptismRcds-1849-Feb1921-Oct1923_M_00075.tif,Y
1/21/2011,Raymond Campbell,SAFR0017D_SAFR0017D-StMarksBaptismRcds-1849-Feb1921-Oct1923_M_00081.tif,Y
1/21/2011,Raymond Campbell,SAFR0017D_SAFR0017D-StMarksBaptismRcds-1849-Feb1921-Oct1923_M_00082.tif,Y
1/21/2011,Raymond Campbell,SAFR0017D_SAFR0017D-StMarksBaptismRcds-1849-Feb1921-Oct1923_M_00101.tif,Y
1/21/2011,Raymond Campbell,SAFR0017D_SAFR0017D-StMarksBaptismRcds-1849-Feb1921-Oct1923_M_00133.tif,Y
1/21/2011,Raymond Campbell,SAFR0017D_SAFR0017D-StMarksBaptismRcds-1849-Feb1921-Oct1923_M_00144.tif,Y
1/21/2011,Raymond Campbell,SAFR0017D_SAFR0017D-StMarksBaptismRcds-1849-Feb1921-Oct1923_M_00153.tif,Y
1/21/2011,Raymond Campbell,SAFR0017D_SAFR0017D-StMarksBaptismRcds-1849-Feb1921-Oct1923_M_00161.tif,Y
1/21/2011,Raymond Campbell,SAFR0017D_SAFR0017D-StMarksBaptismRcds-1849-Feb1921-Oct1923_M_00166.tif,Y
1/21/2011,Raymond Campbell,SAFR0017D_SAFR0017D-StMarksBaptismRcds-1849-Feb1921-Oct1923_M_00191.tif,Y
1/11/2011,Heather Ellsworth,SAFR0017D_SAFR0017D-StMarksBaptismRcds-Oct1877-Oct1888a_M_00277.tif,Y
1/11/2011,Heather Ellsworth,SAFR0017D_SAFR0017D-StMarksBaptismRcds-Oct1877-Oct1888a_M_00280.tif,Y
1/11/2011,Heather Ellsworth,SAFR0017D_SAFR0017D-StMarksBaptismRcds-Oct1877-Oct1888a_M_00287.tif,Y
1/11/2011,Heather Ellsworth,SAFR0017D_SAFR0017D-StMarksBaptismRcds-Oct1877-Oct1888a_M_00296.tif,Y
1/31/2011,Rose of Sharon Gribble,SAFR0017D_SAFR0017D-StMarksBaptismRcds-Apr1957-Jul1962_M_00000-ab.tif,Y
1/31/2011,Rose of Sharon Gribble,SAFR0017D_SAFR0017D-StMarksBaptismRcds-Apr1957-Jul1962_M_00003.tif,Y
1/31/2011,Rose of Sharon Gribble,SAFR0017D_SAFR0017D-StMarksBaptismRcds-Apr1957-Jul1962_M_00009.tif,Y
1/31/2011,Rose of Sharon Gribble,SAFR0017D_SAFR0017D-StMarksBaptismRcds-Apr1957-Jul1962_M_00012.tif,Y
1/31/2011,Rose of Sharon Gribble,SAFR0017D_SAFR0017D-StMarksBaptismRcds-Apr1957-Jul1962_M_00035.tif,Y
1/31/2011,Rose of Sharon Gribble,SAFR0017D_SAFR0017D-StMarksBaptismRcds-Apr1957-Jul1962_M_00039.tif,Y
1/31/2011,Rose of Sharon Gribble,SAFR0017D_SAFR0017D-StMarksBaptismRcds-Apr1957-Jul1962_M_00059.tif,Y
1/31/2011,Rose of Sharon Gribble,SAFR0017D_SAFR0017D-StMarksBaptismRcds-Apr1957-Jul1962_M_00080.tif,Y
1/31/2011,Rose of Sharon Gribble,SAFR0017D_SAFR0017D-StMarksBaptismRcds-Apr1957-Jul1962_M_00081.tif,Y
1/31/2011,Rose of Sharon Gribble,SAFR0017D_SAFR0017D-StMarksBaptismRcds-Apr1957-Jul1962_M_00085.tif,Y
1/31/2011,Rose of Sharon Gribble,SAFR0017D_SAFR0017D-StMarksBaptismRcds-Apr1957-Jul1962_M_00132.tif,Y
1/31/2011,Rose of Sharon Gribble,SAFR0017D_SAFR0017D-StMarksBaptismRcds-Apr1957-Jul1962_M_00134.tif,Y
1/31/2011,Rose of Sharon Gribble,SAFR0017D_SAFR0017D-StMarksBaptismRcds-Apr1957-Jul1962_M_00144.tif,Y
1/31/2011,Rose of Sharon Gribble,SAFR0017D_SAFR0017D-StMarksBaptismRcds-Apr1957-Jul1962_M_00152.tif,Y
1/31/2011,Rose of Sharon Gribble,SAFR0017D_SAFR0017D-StMarksBaptismRcds-Apr1957-Jul1962_M_00153.tif,Y
1/31/2011,Rose of Sharon Gribble,SAFR0017D_SAFR0017D-StMarksBaptismRcds-Apr1957-Jul1962_M_00156.tif,Y
1/31/2011,Rose of Sharon Gribble,SAFR0017D_SAFR0017D-StMarksBaptismRcds-Apr1957-Jul1962_M_00162.tif,Y
1/31/2011,Rose of Sharon Gribble,SAFR0017D_SAFR0017D-StMarksBaptismRcds-Apr1957-Jul1962_M_00169.tif,Y
1/31/2011,Rose of Sharon Gribble,SAFR0017D_SAFR0017D-StMarksBaptismRcds-Apr1957-Jul1962_M_00172.tif,Y
1/31/2011,Rose of Sharon Gribble,SAFR0017D_SAFR0017D-StMarksBaptismRcds-Apr1957-Jul1962_M_00176.tif,Y
1/31/2011,Rose of Sharon Gribble,SAFR0017D_SAFR0017D-StMarksBaptismRcds-Apr1957-Jul1962_M_00182.tif,Y
1/31/2011,Rose of Sharon Gribble,SAFR0017D_SAFR0017D-StMarksBaptismRcds-Apr1957-Jul1962_M_00185.tif,Y
1/31/2011,Rose of Sharon Gribble,SAFR0017D_SAFR0017D-StMarksBaptismRcds-Apr1957-Jul1962_M_00192.tif,Y
1/31/2011,Rose of Sharon Gribble,SAFR0017D_SAFR0017D-StMarksBaptismRcds-Apr1957-Jul1962_M_00235.tif,Y
1/31/2011,Rose of Sharon Gribble,SAFR0017D_SAFR0017D-StMarksBaptismRcds-Apr1957-Jul1962_M_00237.tif,Y
1/31/2011,Rose of Sharon Gribble,SAFR0017D_SAFR0017D-StMarksBaptismRcds-Apr1957-Jul1962_M_00242.tif,Y
1/31/2011,Rose of Sharon Gribble,SAFR0017D_SAFR0017D-StMarksBaptismRcds-Apr1957-Jul1962_M_00251.tif,Y
1/31/2011,Rose of Sharon Gribble,SAFR0017D_SAFR0017D-StMarksBaptismRcds-Apr1957-Jul1962_M_00268.tif,Y
1/31/2011,Rose of Sharon Gribble,SAFR0017D_SAFR0017D-StMarksBaptismRcds-Apr1957-Jul1962_M_00274.tif,Y
1/31/2011,Rose of Sharon Gribble,SAFR0017D_SAFR0017D-StMarksBaptismRcds-Apr1957-Jul1962_M_00279.tif,Y
1/31/2011,Rose of Sharon Gribble,SAFR0017D_SAFR0017D-StMarksBaptismRcds-Apr1957-Jul1962_M_00286.tif,Y
1/31/2011,Rose of Sharon Gribble,SAFR0017D_SAFR0017D-StMarksBaptismRcds-Feb1974-ToDate_M_00002.tif,Y
1/31/2011,Rose of Sharon Gribble,SAFR0017D_SAFR0017D-StMarksBaptismRcds-Feb1974-ToDate_M_00006.tif,Y
1/31/2011,Rose of Sharon Gribble,SAFR0017D_SAFR0017D-StMarksBaptismRcds-Feb1974-ToDate_M_00035.tif,Y
1/31/2011,Rose of Sharon Gribble,SAFR0017D_SAFR0017D-StMarksBaptismRcds-Feb1974-ToDate_M_00041.tif,Y
1/31/2011,Rose of Sharon Gribble,SAFR0017D_SAFR0017D-StMarksBaptismRcds-Feb1974-ToDate_M_00043.tif,Y
1/31/2011,Rose of Sharon Gribble,SAFR0017D_SAFR0017D-StMarksBaptismRcds-Feb1974-ToDate_M_00048.tif,Y
1/31/2011,Rose of Sharon Gribble,SAFR0017D_SAFR0017D-StMarksBaptismRcds-Feb1974-ToDate_M_00053.tif,Y
1/31/2011,Rose of Sharon Gribble,SAFR0017D_SAFR0017D-StMarksBaptismRcds-Feb1974-ToDate_M_00056.tif,Y
1/31/2011,Rose of Sharon Gribble,SAFR0017D_SAFR0017D-StMarksBaptismRcds-Feb1974-ToDate_M_00069.tif,Y
1/31/2011,Rose of Sharon Gribble,SAFR0017D_SAFR0017D-StMarksBaptismRcds-Feb1974-ToDate_M_00071.tif,Y
1/31/2011,Rose of Sharon Gribble,SAFR0017D_SAFR0017D-StMarksBaptismRcds-Feb1974-ToDate_M_00078.tif,Y
1/31/2011,Rose of Sharon Gribble,SAFR0017D_SAFR0017D-StMarksBaptismRcds-Feb1974-ToDate_M_00089.tif,Y
1/31/2011,Rose of Sharon Gribble,SAFR0017D_SAFR0017D-StMarksBaptismRcds-Feb1974-ToDate_M_00111.tif,Y
1/31/2011,Rose of Sharon Gribble,SAFR0017D_SAFR0017D-StMarksBaptismRcds-Feb1974-ToDate_M_00116.tif,Y
1/31/2011,Rose of Sharon Gribble,SAFR0017D_SAFR0017D-StMarksBaptismRcds-Feb1974-ToDate_M_00119.tif,Y
1/31/2011,Rose of Sharon Gribble,SAFR0017D_SAFR0017D-StMarksBaptismRcds-Feb1974-ToDate_M_00137.tif,Y
1/31/2011,Rose of Sharon Gribble,SAFR0017D_SAFR0017D-StMarksBaptismRcds-Feb1974-ToDate_M_00168.tif,Y
1/31/2011,Rose of Sharon Gribble,SAFR0017D_SAFR0017D-StMarksBaptismRcds-Feb1974-ToDate_M_00174.tif,Y
1/31/2011,Rose of Sharon Gribble,SAFR0017D_SAFR0017D-StMarksBaptismRcds-Feb1974-ToDate_M_00178.tif,Y
1/31/2011,Rose of Sharon Gribble,SAFR0017D_SAFR0017D-StMarksBaptismRcds-Feb1974-ToDate_M_00183.tif,Y
1/31/2011,Rose of Sharon Gribble,SAFR0017D_SAFR0017D-StMarksBaptismRcds-Jan1936-Oct1940_M_00002.tif,Y
1/31/2011,Rose of Sharon Gribble,SAFR0017D_SAFR0017D-StMarksBaptismRcds-Jan1936-Oct1940_M_00006.tif,Y
1/31/2011,Rose of Sharon Gribble,SAFR0017D_SAFR0017D-StMarksBaptismRcds-Jan1936-Oct1940_M_00007.tif,Y
1/31/2011,Rose of Sharon Gribble,SAFR0017D_SAFR0017D-StMarksBaptismRcds-Jan1936-Oct1940_M_00012.tif,Y
1/31/2011,Rose of Sharon Gribble,SAFR0017D_SAFR0017D-StMarksBaptismRcds-Jan1936-Oct1940_M_00013.tif,Y
1/31/2011,Rose of Sharon Gribble,SAFR0017D_SAFR0017D-StMarksBaptismRcds-Jan1936-Oct1940_M_00017.tif,Y
1/31/2011,Rose of Sharon Gribble,SAFR0017D_SAFR0017D-StMarksBaptismRcds-Jan1936-Oct1940_M_00025.tif,Y
1/31/2011,Rose of Sharon Gribble,SAFR0017D_SAFR0017D-StMarksBaptismRcds-Jan1936-Oct1940_M_00026.tif,Y
1/31/2011,Rose of Sharon Gribble,SAFR0017D_SAFR0017D-StMarksBaptismRcds-Jan1936-Oct1940_M_00042.tif,Y
1/31/2011,Rose of Sharon Gribble,SAFR0017D_SAFR0017D-StMarksBaptismRcds-Jan1936-Oct1940_M_00051.tif,Y
1/31/2011,Rose of Sharon Gribble,SAFR0017D_SAFR0017D-StMarksBaptismRcds-Jan1936-Oct1940_M_00058.tif,Y
1/31/2011,Rose of Sharon Gribble,SAFR0017D_SAFR0017D-StMarksBaptismRcds-Jan1936-Oct1940_M_00069.tif,Y
1/31/2011,Rose of Sharon Gribble,SAFR0017D_SAFR0017D-StMarksBaptismRcds-Jan1936-Oct1940_M_00080.tif,Y
1/31/2011,Rose of Sharon Gribble,SAFR0017D_SAFR0017D-StMarksBaptismRcds-Jan1936-Oct1940_M_00099.tif,Y
1/31/2011,Rose of Sharon Gribble,SAFR0017D_SAFR0017D-StMarksBaptismRcds-Jan1936-Oct1940_M_00100.tif,Y
1/31/2011,Rose of Sharon Gribble,SAFR0017D_SAFR0017D-StMarksBaptismRcds-Jan1936-Oct1940_M_00112.tif,Y
1/31/2011,Rose of Sharon Gribble,SAFR0017D_SAFR0017D-StMarksBaptismRcds-Jan1936-Oct1940_M_00131.tif,Y
1/31/2011,Rose of Sharon Gribble,SAFR0017D_SAFR0017D-StMarksBaptismRcds-Jan1936-Oct1940_M_00141.tif,Y
1/31/2011,Rose of Sharon Gribble,SAFR0017D_SAFR0017D-StMarksBaptismRcds-Jan1936-Oct1940_M_00143.tif,Y
1/31/2011,Rose of Sharon Gribble,SAFR0017D_SAFR0017D-StMarksBaptismRcds-Jan1936-Oct1940_M_00147.tif,Y
1/31/2011,Rose of Sharon Gribble,SAFR0017D_SAFR0017D-StMarksBaptismRcds-Jan1936-Oct1940_M_00152.tif,Y
1/31/2011,Rose of Sharon Gribble,SAFR0017D_SAFR0017D-StMarksBaptismRcds-Jan1936-Oct1940_M_00156.tif,Y
1/31/2011,Rose of Sharon Gribble,SAFR0017D_SAFR0017D-StMarksBaptismRcds-Jan1936-Oct1940_M_00166.tif,Y
1/31/2011,Rose of Sharon Gribble,SAFR0017D_SAFR0017D-StMarksBaptismRcds-Jan1936-Oct1940_M_00188.tif,Y
1/31/2011,Rose of Sharon Gribble,SAFR0017D_SAFR0017D-StMarksBaptismRcds-Jan1936-Oct1940_M_00194.tif,Y
1/31/2011,Rose of Sharon Gribble,SAFR0017D_SAFR0017D-StMarksBaptismRcds-Jan1936-Oct1940_M_00211.tif,Y
1/31/2011,Rose of Sharon Gribble,SAFR0017D_SAFR0017D-StMarksBaptismRcds-Jan1936-Oct1940_M_00236.tif,Y
1/31/2011,Rose of Sharon Gribble,SAFR0017D_SAFR0017D-StMarksBaptismRcds-Jan1936-Oct1940_M_00242.tif,Y
1/31/2011,Rose of Sharon Gribble,SAFR0017D_SAFR0017D-StMarksBaptismRcds-Jan1936-Oct1940_M_00283.tif,Y
1/31/2011,Rose of Sharon Gribble,SAFR0017D_SAFR0017D-StMarksBaptismRcds-Jan1936-Oct1940_M_00333.tif,Y
1/31/2011,Rose of Sharon Gribble,SAFR0017D_SAFR0017D-StMarksBaptismRcds-Jan1936-Oct1940_M_00357.tif,Y
1/31/2011,Rose of Sharon Gribble,SAFR0017D_SAFR0017D-StMarksBaptismRcds-Jan1936-Oct1940_M_00359.tif,Y
1/31/2011,Rose of Sharon Gribble,SAFR0017D_SAFR0017D-StMarksBaptismRcds-Jan1936-Oct1940_M_00383.tif,Y
1/31/2011,Rose of Sharon Gribble,SAFR0017D_SAFR0017D-StMarksBaptismRcds-Jul1962-Dec1973_M_00009.tif,Y
1/31/2011,Rose of Sharon Gribble,SAFR0017D_SAFR0017D-StMarksBaptismRcds-Jul1962-Dec1973_M_00027.tif,Y
1/31/2011,Rose of Sharon Gribble,SAFR0017D_SAFR0017D-StMarksBaptismRcds-Jul1962-Dec1973_M_00030.tif,Y
1/31/2011,Rose of Sharon Gribble,SAFR0017D_SAFR0017D-StMarksBaptismRcds-Jul1962-Dec1973_M_00043.tif,Y
1/31/2011,Rose of Sharon Gribble,SAFR0017D_SAFR0017D-StMarksBaptismRcds-Jul1962-Dec1973_M_00044.tif,Y
1/31/2011,Rose of Sharon Gribble,SAFR0017D_SAFR0017D-StMarksBaptismRcds-Jul1962-Dec1973_M_00062.tif,Y
1/31/2011,Rose of Sharon Gribble,SAFR0017D_SAFR0017D-StMarksBaptismRcds-Jul1962-Dec1973_M_00089.tif,Y
1/31/2011,Rose of Sharon Gribble,SAFR0017D_SAFR0017D-StMarksBaptismRcds-Jul1962-Dec1973_M_00096.tif,Y
1/31/2011,Rose of Sharon Gribble,SAFR0017D_SAFR0017D-StMarksBaptismRcds-Jul1962-Dec1973_M_00097.tif,Y
1/31/2011,Rose of Sharon Gribble,SAFR0017D_SAFR0017D-StMarksBaptismRcds-Jul1962-Dec1973_M_00122.tif,Y
1/31/2011,Rose of Sharon Gribble,SAFR0017D_SAFR0017D-StMarksBaptismRcds-Jul1962-Dec1973_M_00123.tif,Y
1/31/2011,Rose of Sharon Gribble,SAFR0017D_SAFR0017D-StMarksBaptismRcds-Jul1962-Dec1973_M_00131.tif,Y
1/31/2011,Rose of Sharon Gribble,SAFR0017D_SAFR0017D-StMarksBaptismRcds-Jul1962-Dec1973_M_00145.tif,Y
1/31/2011,Rose of Sharon Gribble,SAFR0017D_SAFR0017D-StMarksBaptismRcds-Jul1962-Dec1973_M_00158.tif,Y
1/31/2011,Rose of Sharon Gribble,SAFR0017D_SAFR0017D-StMarksBaptismRcds-Jul1962-Dec1973_M_00164.tif,Y
1/31/2011,Rose of Sharon Gribble,SAFR0017D_SAFR0017D-StMarksBaptismRcds-Jul1962-Dec1973_M_00190.tif,Y
1/31/2011,Rose of Sharon Gribble,SAFR0017D_SAFR0017D-StMarksBaptismRcds-Jul1962-Dec1973_M_00191.tif,Y
1/31/2011,Rose of Sharon Gribble,SAFR0017D_SAFR0017D-StMarksBaptismRcds-Jul1962-Dec1973_M_00194.tif,Y
1/31/2011,Rose of Sharon Gribble,SAFR0017D_SAFR0017D-StMarksBaptismRcds-Jul1962-Dec1973_M_00216.tif,Y
1/31/2011,Rose of Sharon Gribble,SAFR0017D_SAFR0017D-StMarksBaptismRcds-Jul1962-Dec1973_M_00226.tif,Y
1/31/2011,Rose of Sharon Gribble,SAFR0017D_SAFR0017D-StMarksBaptismRcds-Jul1962-Dec1973_M_00228.tif,Y
1/31/2011,Rose of Sharon Gribble,SAFR0017D_SAFR0017D-StMarksBaptismRcds-Jul1962-Dec1973_M_00229.tif,Y
1/31/2011,Rose of Sharon Gribble,SAFR0017D_SAFR0017D-StMarksBaptismRcds-Jul1962-Dec1973_M_00237.tif,Y
1/31/2011,Rose of Sharon Gribble,SAFR0017D_SAFR0017D-StMarksBaptismRcds-Jul1962-Dec1973_M_00239.tif,Y
1/31/2011,Rose of Sharon Gribble,SAFR0017D_SAFR0017D-StMarksBaptismRcds-Jul1962-Dec1973_M_00256.tif,Y
1/31/2011,Rose of Sharon Gribble,SAFR0017D_SAFR0017D-StMarksBaptismRcds-Jul1962-Dec1973_M_00257.tif,Y
1/31/2011,Rose of Sharon Gribble,SAFR0017D_SAFR0017D-StMarksBaptismRcds-Jul1962-Dec1973_M_00265.tif,Y
1/31/2011,Rose of Sharon Gribble,SAFR0017D_SAFR0017D-StMarksBaptismRcds-Jul1962-Dec1973_M_00266.tif,Y
1/31/2011,Rose of Sharon Gribble,SAFR0017D_SAFR0017D-StMarksBaptismRcds-Jul1962-Dec1973_M_00280.tif,Y
1/31/2011,Rose of Sharon Gribble,SAFR0017D_SAFR0017D-StMarksBaptismRcds-Jul1962-Dec1973_M_00285.tif,Y
1/31/2011,Rose of Sharon Gribble,SAFR0017D_SAFR0017D-StMarksBaptismRcds-Jul1962-Dec1973_M_00286.tif,Y
1/31/2011,Rose of Sharon Gribble,SAFR0017D_SAFR0017D-StMarksBaptismRcds-Jul1962-Dec1973_M_00296.tif,Y
1/31/2011,Rose of Sharon Gribble,SAFR0017D_SAFR0017D-StMarksBaptismRcds-Jun1944-Oct1951_M_00007.tif,Y
1/31/2011,Rose of Sharon Gribble,SAFR0017D_SAFR0017D-StMarksBaptismRcds-Jun1944-Oct1951_M_00013.tif,Y
1/31/2011,Rose of Sharon Gribble,SAFR0017D_SAFR0017D-StMarksBaptismRcds-Jun1944-Oct1951_M_00014.tif,Y
1/31/2011,Rose of Sharon Gribble,SAFR0017D_SAFR0017D-StMarksBaptismRcds-Jun1944-Oct1951_M_00027.tif,Y
1/31/2011,Rose of Sharon Gribble,SAFR0017D_SAFR0017D-StMarksBaptismRcds-Jun1944-Oct1951_M_00028.tif,Y
1/31/2011,Rose of Sharon Gribble,SAFR0017D_SAFR0017D-StMarksBaptismRcds-Jun1944-Oct1951_M_00029.tif,Y
1/31/2011,Rose of Sharon Gribble,SAFR0017D_SAFR0017D-StMarksBaptismRcds-Jun1944-Oct1951_M_00034.tif,Y
1/31/2011,Rose of Sharon Gribble,SAFR0017D_SAFR0017D-StMarksBaptismRcds-Jun1944-Oct1951_M_00044.tif,Y
1/31/2011,Rose of Sharon Gribble,SAFR0017D_SAFR0017D-StMarksBaptismRcds-Jun1944-Oct1951_M_00050.tif,Y
1/31/2011,Rose of Sharon Gribble,SAFR0017D_SAFR0017D-StMarksBaptismRcds-Jun1944-Oct1951_M_00059.tif,Y
1/31/2011,Rose of Sharon Gribble,SAFR0017D_SAFR0017D-StMarksBaptismRcds-Jun1944-Oct1951_M_00061.tif,Y
1/31/2011,Rose of Sharon Gribble,SAFR0017D_SAFR0017D-StMarksBaptismRcds-Jun1944-Oct1951_M_00076.tif,Y
1/31/2011,Rose of Sharon Gribble,SAFR0017D_SAFR0017D-StMarksBaptismRcds-Jun1944-Oct1951_M_00085.tif,Y
1/31/2011,Rose of Sharon Gribble,SAFR0017D_SAFR0017D-StMarksBaptismRcds-Jun1944-Oct1951_M_00090.tif,Y
1/31/2011,Rose of Sharon Gribble,SAFR0017D_SAFR0017D-StMarksBaptismRcds-Jun1944-Oct1951_M_00100.tif,Y
1/31/2011,Rose of Sharon Gribble,SAFR0017D_SAFR0017D-StMarksBaptismRcds-Jun1944-Oct1951_M_00112.tif,Y
1/31/2011,Rose of Sharon Gribble,SAFR0017D_SAFR0017D-StMarksBaptismRcds-Jun1944-Oct1951_M_00113.tif,Y
1/31/2011,Rose of Sharon Gribble,SAFR0017D_SAFR0017D-StMarksBaptismRcds-Jun1944-Oct1951_M_00135.tif,Y
1/31/2011,Rose of Sharon Gribble,SAFR0017D_SAFR0017D-StMarksBaptismRcds-Jun1944-Oct1951_M_00142.tif,Y
1/31/2011,Rose of Sharon Gribble,SAFR0017D_SAFR0017D-StMarksBaptismRcds-Jun1944-Oct1951_M_00156.tif,Y
1/31/2011,Rose of Sharon Gribble,SAFR0017D_SAFR0017D-StMarksBaptismRcds-Jun1944-Oct1951_M_00157.tif,Y
1/31/2011,Rose of Sharon Gribble,SAFR0017D_SAFR0017D-StMarksBaptismRcds-Jun1944-Oct1951_M_00160.tif,Y
1/31/2011,Rose of Sharon Gribble,SAFR0017D_SAFR0017D-StMarksBaptismRcds-Jun1944-Oct1951_M_00188.tif,Y
1/31/2011,Rose of Sharon Gribble,SAFR0017D_SAFR0017D-StMarksBaptismRcds-Jun1944-Oct1951_M_00200.tif,Y
1/31/2011,Rose of Sharon Gribble,SAFR0017D_SAFR0017D-StMarksBaptismRcds-Jun1944-Oct1951_M_00202.tif,Y
1/31/2011,Rose of Sharon Gribble,SAFR0017D_SAFR0017D-StMarksBaptismRcds-Jun1944-Oct1951_M_00205.tif,Y
1/31/2011,Rose of Sharon Gribble,SAFR0017D_SAFR0017D-StMarksBaptismRcds-Jun1944-Oct1951_M_00214.tif,Y
1/31/2011,Rose of Sharon Gribble,SAFR0017D_SAFR0017D-StMarksBaptismRcds-Jun1944-Oct1951_M_00259.tif,Y
1/31/2011,Rose of Sharon Gribble,SAFR0017D_SAFR0017D-StMarksBaptismRcds-Jun1944-Oct1951_M_00273.tif,Y
1/31/2011,Rose of Sharon Gribble,SAFR0017D_SAFR0017D-StMarksBaptismRcds-Jun1944-Oct1951_M_00291.tif,Y
1/31/2011,Rose of Sharon Gribble,SAFR0017D_SAFR0017D-StMarksBaptismRcds-Jun1944-Oct1951_M_00321.tif,Y
1/31/2011,Rose of Sharon Gribble,SAFR0017D_SAFR0017D-StMarksBaptismRcds-Jun1944-Oct1951_M_00327.tif,Y
1/31/2011,Rose of Sharon Gribble,SAFR0017D_SAFR0017D-StMarksBaptismRcds-Jun1944-Oct1951_M_00393.tif,Y
1/31/2011,Rose of Sharon Gribble,SAFR0017D_SAFR0017D-StMarksBaptismRcds-Jun1944-Oct1951a_M_00286.tif,Y
1/31/2011,Rose of Sharon Gribble,SAFR0017D_SAFR0017D-StMarksBaptismRcds-Jun1944-Oct1951a_M_00292.tif,Y
1/31/2011,Rose of Sharon Gribble,SAFR0017D_SAFR0017D-StMarksBaptismRcds-Jun1944-Oct1951a_M_00302.tif,Y
1/31/2011,Rose of Sharon Gribble,SAFR0017D_SAFR0017D-StMarksBaptismRcds-Jun1944-Oct1951a_M_00306.tif,Y
1/31/2011,Rose of Sharon Gribble,SAFR0017D_SAFR0017D-StMarksBaptismRcds-Jun1944-Oct1951a_M_00310.tif,Y
1/31/2011,Rose of Sharon Gribble,SAFR0017D_SAFR0017D-StMarksBaptismRcds-Jun1944-Oct1951a_M_00372.tif,Y
1/31/2011,Rose of Sharon Gribble,SAFR0017D_SAFR0017D-StMarksBaptismRcds-Jun1944-Oct1951a_M_00378.tif,Y
1/31/2011,Rose of Sharon Gribble,SAFR0017D_SAFR0017D-StMarksBaptismRcds-Oct1940Jun1944_M_00006.tif,Y
1/31/2011,Rose of Sharon Gribble,SAFR0017D_SAFR0017D-StMarksBaptismRcds-Oct1940Jun1944_M_00008.tif,Y
1/31/2011,Rose of Sharon Gribble,SAFR0017D_SAFR0017D-StMarksBaptismRcds-Oct1940Jun1944_M_00011.tif,Y
1/31/2011,Rose of Sharon Gribble,SAFR0017D_SAFR0017D-StMarksBaptismRcds-Oct1940Jun1944_M_00015.tif,Y
1/31/2011,Rose of Sharon Gribble,SAFR0017D_SAFR0017D-StMarksBaptismRcds-Oct1940Jun1944_M_00016.tif,Y
1/31/2011,Rose of Sharon Gribble,SAFR0017D_SAFR0017D-StMarksBaptismRcds-Oct1940Jun1944_M_00018.tif,Y
1/31/2011,Rose of Sharon Gribble,SAFR0017D_SAFR0017D-StMarksBaptismRcds-Oct1940Jun1944_M_00032.tif,Y
1/31/2011,Rose of Sharon Gribble,SAFR0017D_SAFR0017D-StMarksBaptismRcds-Oct1940Jun1944_M_00036.tif,Y
1/31/2011,Rose of Sharon Gribble,SAFR0017D_SAFR0017D-StMarksBaptismRcds-Oct1940Jun1944_M_00046.tif,Y
1/31/2011,Rose of Sharon Gribble,SAFR0017D_SAFR0017D-StMarksBaptismRcds-Oct1940Jun1944_M_00047.tif,Y
1/31/2011,Rose of Sharon Gribble,SAFR0017D_SAFR0017D-StMarksBaptismRcds-Oct1940Jun1944_M_00063.tif,Y
1/31/2011,Rose of Sharon Gribble,SAFR0017D_SAFR0017D-StMarksBaptismRcds-Oct1940Jun1944_M_00072.tif,Y
1/31/2011,Rose of Sharon Gribble,SAFR0017D_SAFR0017D-StMarksBaptismRcds-Oct1940Jun1944_M_00073.tif,Y
1/31/2011,Rose of Sharon Gribble,SAFR0017D_SAFR0017D-StMarksBaptismRcds-Oct1940Jun1944_M_00094.tif,Y
1/31/2011,Rose of Sharon Gribble,SAFR0017D_SAFR0017D-StMarksBaptismRcds-Oct1940Jun1944_M_00128.tif,Y
1/31/2011,Rose of Sharon Gribble,SAFR0017D_SAFR0017D-StMarksBaptismRcds-Oct1940Jun1944_M_00146.tif,Y
1/31/2011,Rose of Sharon Gribble,SAFR0017D_SAFR0017D-StMarksBaptismRcds-Oct1940Jun1944_M_00153.tif,Y
1/31/2011,Rose of Sharon Gribble,SAFR0017D_SAFR0017D-StMarksBaptismRcds-Oct1940Jun1944_M_00157.tif,Y
1/31/2011,Rose of Sharon Gribble,SAFR0017D_SAFR0017D-StMarksBaptismRcds-Oct1940Jun1944_M_00170.tif,Y
1/31/2011,Rose of Sharon Gribble,SAFR0017D_SAFR0017D-StMarksBaptismRcds-Oct1940Jun1944_M_00175.tif,Y
1/31/2011,Rose of Sharon Gribble,SAFR0017D_SAFR0017D-StMarksBaptismRcds-Oct1940Jun1944_M_00198.tif,Y
